파일,파일명,제목,날짜,연도,카테고리,태그,permalink,공개 상태,Template,layout,toc,toc_sticky,author_profile,sidebar 사용,share,comments,related,excerpt/description 있음,header 기능,H1,H2,H3,H4,목차 대상 heading,heading 단계 건너뜀,코드 블록,fenced 코드,언어 없는 fence,닫히지 않은 fence,최장 코드 줄,Markdown 이미지,HTML 이미지,전체 이미지,누락 로컬 이미지,누락 이미지 경로,고정 너비 이미지,Markdown 표,HTML 표,전체 표,최대 표 열,inline HTML,HTML 태그,고정 너비 HTML,복잡한 HTML/embed,front matter 오류,Markdown 분석 오류,참고 신호,호환성,판단 이유,권장 처리,진행 상태
_posts/java/basic/2026-08-06-categories-basic000.md,2026-08-06-categories-basic000.md,Template,2026-08-06,2026,Java 기본,java,/categories/java/basic/basic000,false,true,single-editorial,true,true,기본값,false,기본값,기본값,기본값,false,false,0,0,0,0,0,false,0,0,0,0,0,0,1,1,0,,true,0,0,0,0,true,img,false,,,,excerpt/description 없음; 고정 너비 이미지; 단순 inline HTML (img),🟢 바로 적용 후보,호환성 위험 요소 없음,사용자 결정: 전환 대상 제외,공개·전환 대상 제외
_posts/java/oop/2026-08-06-categories-oop000.md,2026-08-06-categories-oop000.md,Template,2026-08-06,2026,객체지향 프로그래밍,java,/categories/java/oop/oop000,false,true,single-editorial,true,true,기본값,false,기본값,기본값,기본값,false,false,0,0,0,0,0,false,0,0,0,0,0,0,1,1,0,,true,0,0,0,0,true,img,false,,,,excerpt/description 없음; 고정 너비 이미지; 단순 inline HTML (img),🟢 바로 적용 후보,호환성 위험 요소 없음,사용자 결정: 전환 대상 제외,공개·전환 대상 제외
_posts/sprint/sprint-advanced-project/2026-06-19-categories-sprint-advanced-project001.md,2026-06-19-categories-sprint-advanced-project001.md,[Sprint 백엔드 고급 프로젝트 1일차] 모두의 플리 프로젝트 시작,2026-06-19,2026,Sprint 백엔드 고급 프로젝트,Codeit Sprint | Codeit Sprint 백엔드 고급 프로젝트,/categories/codeit-sprint/sprint-advanced-project/sprint-advanced-project001,기본값,false,single-editorial,true,true,기본값,false,기본값,기본값,기본값,false,false,2,8,0,0,10,false,1,1,1,0,13,0,0,0,0,,false,0,0,0,0,false,,false,,,,excerpt/description 없음; H1 2개; 언어 없는 코드 fence 1개,🟢 바로 적용 후보,호환성 위험 요소 없음,GitHub Pages 배포 검증 완료 상태 유지,새 레이아웃 배포 검증 완료
_posts/sprint/sprint-advanced-project/2026-06-22-categories-sprint-advanced-project002.md,2026-06-22-categories-sprint-advanced-project002.md,[Sprint 백엔드 고급 프로젝트 2일차] 프로젝트 초기 설정과 GitHub Issue 작성,2026-06-22,2026,Sprint 백엔드 고급 프로젝트,Codeit Sprint | Codeit Sprint 백엔드 고급 프로젝트,/categories/codeit-sprint/sprint-advanced-project/sprint-advanced-project02,기본값,false,single-editorial,true,true,기본값,false,기본값,기본값,기본값,false,false,3,0,0,0,3,false,2,2,0,0,80,0,0,0,0,,false,0,0,0,0,false,,false,,,,excerpt/description 없음; H1 3개,🟢 바로 적용 후보,호환성 위험 요소 없음,GitHub Pages 배포 검증 완료 상태 유지,새 레이아웃 배포 검증 완료
_posts/sprint/sprint-advanced-project/2026-06-28-categories-sprint-advanced-project003.md,2026-06-28-categories-sprint-advanced-project003.md,[Sprint 백엔드 고급 프로젝트 1주차] 모두의 플리 1주차 회고,2026-06-28,2026,Sprint 백엔드 고급 프로젝트,Codeit Sprint | Codeit Sprint 백엔드 고급 프로젝트,/categories/codeit-sprint/sprint-advanced-project/sprint-advanced-project03,기본값,false,single-editorial,true,true,기본값,false,기본값,기본값,기본값,false,false,3,4,0,0,7,false,2,2,0,0,77,0,0,0,0,,false,0,0,0,0,false,,false,,,,excerpt/description 없음; H1 3개,🟢 바로 적용 후보,호환성 위험 요소 없음,GitHub Pages 배포 검증 완료 상태 유지,새 레이아웃 배포 검증 완료
_posts/sprint/sprint-advanced-project/2026-07-05-categories-sprint-advanced-project004.md,2026-07-05-categories-sprint-advanced-project004.md,[Sprint 백엔드 고급 프로젝트 2주차] 모두의 플리 2주차 회고,2026-07-05,2026,Sprint 백엔드 고급 프로젝트,Codeit Sprint | Codeit Sprint 백엔드 고급 프로젝트,/categories/codeit-sprint/sprint-advanced-project/sprint-advanced-project04,기본값,false,single-editorial,true,true,기본값,false,기본값,기본값,기본값,false,false,3,9,2,0,14,false,0,0,0,0,0,0,0,0,0,,false,0,0,0,0,false,,false,,,,excerpt/description 없음; H1 3개,🟢 바로 적용 후보,호환성 위험 요소 없음,GitHub Pages 배포 검증 완료 상태 유지,새 레이아웃 배포 검증 완료
_posts/sprint/sprint-advanced-project/2026-07-11-categories-sprint-advanced-project005.md,2026-07-11-categories-sprint-advanced-project005.md,[Sprint 백엔드 고급 프로젝트 3주차] 모두의 플리 3주차 회고,2026-07-11,2026,Sprint 백엔드 고급 프로젝트,Codeit Sprint | Codeit Sprint 백엔드 고급 프로젝트,/categories/codeit-sprint/sprint-advanced-project/sprint-advanced-project05,기본값,false,single-editorial,true,true,기본값,false,기본값,기본값,기본값,false,false,3,5,0,0,8,false,1,1,0,0,32,0,0,0,0,,false,0,0,0,0,false,,false,,,,excerpt/description 없음; H1 3개,🟢 바로 적용 후보,호환성 위험 요소 없음,GitHub Pages 배포 검증 완료 상태 유지,새 레이아웃 배포 검증 완료
_posts/sprint/sprint-advanced-project/2026-07-19-categories-sprint-advanced-project006.md,2026-07-19-categories-sprint-advanced-project006.md,[Sprint 백엔드 고급 프로젝트 4주차] 모두의 플리 4주차 회고,2026-07-19,2026,Sprint 백엔드 고급 프로젝트,Codeit Sprint | Codeit Sprint 백엔드 고급 프로젝트,/categories/codeit-sprint/sprint-advanced-project/sprint-advanced-project06,기본값,false,single-editorial,true,true,기본값,false,기본값,기본값,기본값,false,false,3,3,0,0,6,false,2,2,0,0,26,0,0,0,0,,false,0,0,0,0,false,,false,,,,excerpt/description 없음; H1 3개,🟢 바로 적용 후보,호환성 위험 요소 없음,GitHub Pages 배포 검증 완료 상태 유지,새 레이아웃 배포 검증 완료
_posts/sprint/sprint-advanced-project/2026-07-25-categories-sprint-advanced-project007-1.md,2026-07-25-categories-sprint-advanced-project007-1.md,[Sprint 백엔드 고급 프로젝트 5주차] 모두의 플리 5주차 회고(1) - 커스텀 메트릭,2026-07-25,2026,Sprint 백엔드 고급 프로젝트,Codeit Sprint | Codeit Sprint 백엔드 고급 프로젝트,/categories/codeit-sprint/sprint-advanced-project/sprint-advanced-project07-1,기본값,false,single-editorial,true,true,기본값,false,기본값,기본값,기본값,false,false,3,0,0,0,3,false,1,1,0,0,72,0,0,0,0,,false,0,0,0,0,false,,false,,,,excerpt/description 없음; H1 3개,🟢 바로 적용 후보,호환성 위험 요소 없음,GitHub Pages 배포 검증 완료 상태 유지,새 레이아웃 배포 검증 완료
_posts/sprint/sprint-advanced-project/2026-07-25-categories-sprint-advanced-project007-2.md,2026-07-25-categories-sprint-advanced-project007-2.md,[Sprint 백엔드 고급 프로젝트 5주차] 모두의 플리 5주차 회고(2) - Troubleshooting,2026-07-25,2026,Sprint 백엔드 고급 프로젝트,Codeit Sprint | Codeit Sprint 백엔드 고급 프로젝트,/categories/codeit-sprint/sprint-advanced-project/sprint-advanced-project07-2,기본값,false,single-editorial,true,true,기본값,false,기본값,기본값,기본값,false,false,3,1,0,0,4,false,1,1,0,0,33,0,0,0,0,,false,0,0,0,0,false,,false,,,,excerpt/description 없음; H1 3개,🟢 바로 적용 후보,호환성 위험 요소 없음,GitHub Pages 배포 검증 완료 상태 유지,새 레이아웃 배포 검증 완료
_posts/sprint/sprint-advanced-project/2026-07-25-categories-sprint-advanced-project007-3.md,2026-07-25-categories-sprint-advanced-project007-3.md,[Sprint 백엔드 고급 프로젝트 5주차] 모두의 플리 5주차 회고(3) - Grafana 대시보드,2026-07-25,2026,Sprint 백엔드 고급 프로젝트,Codeit Sprint | Codeit Sprint 백엔드 고급 프로젝트,/categories/codeit-sprint/sprint-advanced-project/sprint-advanced-project07-3,기본값,false,single-editorial,true,true,기본값,false,기본값,기본값,기본값,false,false,3,0,0,0,3,false,2,2,0,0,49,0,0,0,0,,false,0,0,0,0,false,,false,,,,excerpt/description 없음; H1 3개,🟢 바로 적용 후보,호환성 위험 요소 없음,GitHub Pages 배포 검증 완료 상태 유지,새 레이아웃 배포 검증 완료
_posts/sprint/sprint-advanced-project/2026-07-27-categories-sprint-advanced-project008.md,2026-07-27-categories-sprint-advanced-project008.md,[Sprint 백엔드 고급 프로젝트] MOPL 개인 개발 리포트,2026-07-27,2026,Sprint 백엔드 고급 프로젝트,Codeit Sprint | Codeit Sprint 백엔드 고급 프로젝트,/categories/codeit-sprint/sprint-advanced-project/sprint-advanced-project08,기본값,false,single-editorial,true,true,기본값,false,기본값,기본값,기본값,true,false,3,8,21,16,32,false,2,2,0,0,32,7,0,7,0,,false,2,0,2,2,true,br,false,,,,H1 3개; 단순 inline HTML (br),🟡 화면 확인,목차 대상 heading 32개,이미 배포 검증한 기준선 글로 유지,기준선 배포 검증 완료
_posts/sprint/sprint-advanced-project/2026-07-27-categories-sprint-advanced-project009.md,2026-07-27-categories-sprint-advanced-project009.md,[Sprint 백엔드 고급 프로젝트] MOPL 프로젝트 회고록,2026-07-27,2026,Sprint 백엔드 고급 프로젝트,Codeit Sprint | Codeit Sprint 백엔드 고급 프로젝트,/categories/codeit-sprint/sprint-advanced-project/sprint-advanced-project09,기본값,false,single-editorial,true,true,기본값,false,기본값,기본값,기본값,true,false,3,4,0,0,7,false,2,2,0,0,32,0,0,0,0,,false,0,0,0,0,false,,false,,,,H1 3개,🟢 바로 적용 후보,호환성 위험 요소 없음,이미 배포 검증한 기준선 글로 유지,기준선 배포 검증 완료
_posts/sprint/sprint-basic-project/2026-03-11-categories-sprint-basic-project000.md,2026-03-11-categories-sprint-basic-project000.md,[Sprint 백엔드 초급 프로젝트 n일차] Template,2026-03-11,2026,Sprint 백엔드 초급 프로젝트,Codeit Sprint | Codeit Sprint 백엔드 초급 프로젝트,/categories/codeit-sprint/sprint-basic-project/sprint-basic-project000,false,true,single-editorial,true,true,기본값,false,기본값,기본값,기본값,false,false,3,0,0,0,3,false,0,0,0,0,0,0,0,0,0,,false,0,0,0,0,false,,false,,,,excerpt/description 없음; H1 3개,🟢 바로 적용 후보,호환성 위험 요소 없음,사용자 결정: 전환 대상 제외,공개·전환 대상 제외
_posts/sprint/sprint-basic-project/2026-03-11-categories-sprint-basic-project001.md,2026-03-11-categories-sprint-basic-project001.md,"[Sprint 백엔드 초급 프로젝트 1일차] 프로젝트 시작 전, 주제부터 역할, 규칙까지",2026-03-11,2026,Sprint 백엔드 초급 프로젝트,Codeit Sprint | Codeit Sprint 백엔드 초급 프로젝트,/categories/codeit-sprint/sprint-basic-project/sprint-basic-project001,기본값,false,single-editorial,true,true,기본값,false,기본값,기본값,기본값,false,false,4,4,7,0,15,false,2,2,0,0,39,0,0,0,0,,false,0,0,0,0,true,br,false,,,,excerpt/description 없음; H1 4개; 단순 inline HTML (br),🟢 바로 적용 후보,호환성 위험 요소 없음,GitHub Pages 배포 검증 완료 상태 유지,새 레이아웃 배포 검증 완료
_posts/sprint/sprint-basic-project/2026-03-12-categories-sprint-basic-project002.md,2026-03-12-categories-sprint-basic-project002.md,[Sprint 백엔드 초급 프로젝트 2일차] 요구사항 정의와 Todo 생성까지,2026-03-12,2026,Sprint 백엔드 초급 프로젝트,Codeit Sprint | Codeit Sprint 백엔드 초급 프로젝트,/categories/codeit-sprint/sprint-basic-project/sprint-basic-project002,기본값,false,single-editorial,true,true,기본값,false,기본값,기본값,기본값,false,false,5,0,0,0,5,false,0,0,0,0,0,0,2,2,0,,true,0,0,0,0,true,img,false,,,,excerpt/description 없음; H1 5개; 고정 너비 이미지; 단순 inline HTML (img),🟢 바로 적용 후보,호환성 위험 요소 없음,GitHub Pages 배포 검증 완료 상태 유지,새 레이아웃 배포 검증 완료
_posts/sprint/sprint-basic-project/2026-03-13-categories-sprint-basic-project003.md,2026-03-13-categories-sprint-basic-project003.md,[Sprint 백엔드 초급 프로젝트 3일차] 지수 데이터 수동 등록 로직 구현,2026-03-13,2026,Sprint 백엔드 초급 프로젝트,Codeit Sprint | Codeit Sprint 백엔드 초급 프로젝트,/categories/codeit-sprint/sprint-basic-project/sprint-basic-project003,기본값,false,single-editorial,true,true,기본값,false,기본값,기본값,기본값,false,false,3,0,0,0,3,false,3,1,1,0,32,0,0,0,0,,false,0,0,0,0,true,br,false,,,,excerpt/description 없음; H1 3개; 언어 없는 코드 fence 1개; 단순 inline HTML (br),🟢 바로 적용 후보,호환성 위험 요소 없음,GitHub Pages 배포 검증 완료 상태 유지,새 레이아웃 배포 검증 완료
_posts/sprint/sprint-basic-project/2026-03-15-categories-sprint-basic-project004.md,2026-03-15-categories-sprint-basic-project004.md,[Sprint 백엔드 초급 프로젝트 4일차] 지수 데이터 조회 로직 구현,2026-03-15,2026,Sprint 백엔드 초급 프로젝트,Codeit Sprint | Codeit Sprint 백엔드 초급 프로젝트,/categories/codeit-sprint/sprint-basic-project/sprint-basic-project004,기본값,false,single-editorial,true,true,기본값,false,기본값,기본값,기본값,false,false,3,0,0,0,3,false,1,1,0,0,65,0,0,0,0,,false,0,0,0,0,false,,false,,,,excerpt/description 없음; H1 3개,🟢 바로 적용 후보,호환성 위험 요소 없음,GitHub Pages 배포 검증 완료 상태 유지,새 레이아웃 배포 검증 완료
_posts/sprint/sprint-basic-project/2026-03-16-categories-sprint-basic-project005.md,2026-03-16-categories-sprint-basic-project005.md,[Sprint 백엔드 초급 프로젝트 5일차] 지수 데이터 수정/삭제 로직 구현,2026-03-16,2026,Sprint 백엔드 초급 프로젝트,Codeit Sprint | Codeit Sprint 백엔드 초급 프로젝트,/categories/codeit-sprint/sprint-basic-project/sprint-basic-project005,기본값,false,single-editorial,true,true,기본값,false,기본값,기본값,기본값,false,false,3,0,0,0,3,false,1,1,0,0,38,0,0,0,0,,false,0,0,0,0,false,,false,,,,excerpt/description 없음; H1 3개,🟢 바로 적용 후보,호환성 위험 요소 없음,GitHub Pages 배포 검증 완료 상태 유지,새 레이아웃 배포 검증 완료
_posts/sprint/sprint-basic-project/2026-03-17-categories-sprint-basic-project006.md,2026-03-17-categories-sprint-basic-project006.md,[Sprint 백엔드 초급 프로젝트 6일차] PR 리뷰 및 테스트 후 QueryDSL기반 지수 데이터 조회 로직 구현,2026-03-17,2026,Sprint 백엔드 초급 프로젝트,Codeit Sprint | Codeit Sprint 백엔드 초급 프로젝트,/categories/codeit-sprint/sprint-basic-project/sprint-basic-project006,기본값,false,single-editorial,true,true,기본값,false,기본값,기본값,기본값,false,false,3,0,0,0,3,false,0,0,0,0,0,0,0,0,0,,false,0,0,0,0,false,,false,,,,excerpt/description 없음; H1 3개,🟢 바로 적용 후보,호환성 위험 요소 없음,GitHub Pages 배포 검증 완료 상태 유지,새 레이아웃 배포 검증 완료
_posts/sprint/sprint-basic-project/2026-03-18-categories-sprint-basic-project007.md,2026-03-18-categories-sprint-basic-project007.md,[Sprint 백엔드 초급 프로젝트 7일차] 전체 테스트 및 결과물 작업 진행,2026-03-18,2026,Sprint 백엔드 초급 프로젝트,Codeit Sprint | Codeit Sprint 백엔드 초급 프로젝트,/categories/codeit-sprint/sprint-basic-project/sprint-basic-project007,기본값,false,single-editorial,true,true,기본값,false,기본값,기본값,기본값,false,false,3,1,4,0,8,false,6,6,0,0,93,0,0,0,0,,false,0,0,0,0,false,,false,,,,excerpt/description 없음; H1 3개,🟢 바로 적용 후보,호환성 위험 요소 없음,GitHub Pages 배포 검증 완료 상태 유지,새 레이아웃 배포 검증 완료
_posts/sprint/sprint-basic-project/2026-03-18-categories-sprint-basic-project008.md,2026-03-18-categories-sprint-basic-project008.md,[Sprint 백엔드 초급 프로젝트 7일차] Troubleshooting,2026-03-18,2026,Sprint 백엔드 초급 프로젝트,Codeit Sprint | Codeit Sprint 백엔드 초급 프로젝트,/categories/codeit-sprint/sprint-basic-project/sprint-basic-project008,기본값,false,single-editorial,true,true,기본값,false,기본값,기본값,기본값,false,false,3,1,2,0,6,false,2,2,0,0,143,0,4,4,0,,true,0,0,0,0,true,img,false,,,,excerpt/description 없음; H1 3개; 고정 너비 이미지; 단순 inline HTML (img),🟢 바로 적용 후보,호환성 위험 요소 없음,GitHub Pages 배포 검증 완료 상태 유지,새 레이아웃 배포 검증 완료
_posts/sprint/sprint-basic-project/2026-03-19-categories-sprint-basic-project009.md,2026-03-19-categories-sprint-basic-project009.md,[Sprint 백엔드 초급 프로젝트 8일차] 결과물 제작,2026-03-19,2026,Sprint 백엔드 초급 프로젝트,Codeit Sprint | Codeit Sprint 백엔드 초급 프로젝트,/categories/codeit-sprint/sprint-basic-project/sprint-basic-project009,기본값,false,single-editorial,true,true,기본값,false,기본값,기본값,기본값,false,false,3,0,0,0,3,false,0,0,0,0,0,0,0,0,0,,false,0,0,0,0,false,,false,,,,excerpt/description 없음; H1 3개,🟢 바로 적용 후보,호환성 위험 요소 없음,GitHub Pages 배포 검증 완료 상태 유지,새 레이아웃 배포 검증 완료
_posts/sprint/sprint-basic-project/2026-03-20-categories-sprint-basic-project010.md,2026-03-20-categories-sprint-basic-project010.md,[Sprint 백엔드 초급 프로젝트] Findex 개인 개발 리포트,2026-03-20,2026,Sprint 백엔드 초급 프로젝트,Codeit Sprint | Codeit Sprint 백엔드 초급 프로젝트,/categories/codeit-sprint/sprint-basic-project/sprint-basic-project010,기본값,false,single-editorial,true,true,기본값,false,기본값,기본값,기본값,false,false,4,7,4,0,15,false,2,2,0,0,143,4,0,4,0,,false,0,0,0,0,true,br,false,,,,excerpt/description 없음; H1 4개; 단순 inline HTML (br),🟢 바로 적용 후보,호환성 위험 요소 없음,GitHub Pages 배포 검증 완료 상태 유지,새 레이아웃 배포 검증 완료
_posts/sprint/sprint-basic-project/2026-03-20-categories-sprint-basic-project011.md,2026-03-20-categories-sprint-basic-project011.md,[Sprint 백엔드 초급 프로젝트] Findex 프로젝트 회고록,2026-03-20,2026,Sprint 백엔드 초급 프로젝트,Codeit Sprint | Codeit Sprint 백엔드 초급 프로젝트,/categories/codeit-sprint/sprint-basic-project/sprint-basic-project011,기본값,false,single-editorial,true,true,기본값,false,기본값,기본값,기본값,false,false,4,0,0,0,4,false,0,0,0,0,0,0,0,0,0,,false,0,0,0,0,false,,false,,,,excerpt/description 없음; H1 4개,🟢 바로 적용 후보,호환성 위험 요소 없음,GitHub Pages 배포 검증 완료 상태 유지,새 레이아웃 배포 검증 완료
_posts/sprint/sprint-intermediate-project/2026-04-12-categories-sprint-intermediate-project000.md,2026-04-12-categories-sprint-intermediate-project000.md,[Sprint 백엔드 중급 프로젝트 n일차] Template,2026-04-12,2026,Sprint 백엔드 중급 프로젝트,Codeit Sprint | Codeit Sprint 백엔드 중급 프로젝트,/categories/codeit-sprint/sprint-intermediate-project/sprint-intermediate-project000,false,true,single-editorial,true,true,기본값,false,기본값,기본값,기본값,false,false,3,0,0,0,3,false,0,0,0,0,0,0,0,0,0,,false,0,0,0,0,false,,false,,,,excerpt/description 없음; H1 3개,🟢 바로 적용 후보,호환성 위험 요소 없음,사용자 결정: 전환 대상 제외,공개·전환 대상 제외
_posts/sprint/sprint-intermediate-project/2026-04-14-categories-sprint-intermediate-project001.md,2026-04-14-categories-sprint-intermediate-project001.md,"[Sprint 백엔드 중급 프로젝트 1일차] 스프링 백엔드 중급 프로젝트 시작, 팀 규칙부터 정리",2026-04-14,2026,Sprint 백엔드 중급 프로젝트,Codeit Sprint | Codeit Sprint 백엔드 중급 프로젝트,/categories/codeit-sprint/sprint-intermediate-project/sprint-intermediate-project001,기본값,false,single-editorial,true,true,기본값,false,기본값,기본값,기본값,false,false,3,6,0,0,9,false,0,0,0,0,0,0,0,0,0,,false,0,0,0,0,true,br,false,,,,excerpt/description 없음; H1 3개; 단순 inline HTML (br),🟢 바로 적용 후보,호환성 위험 요소 없음,GitHub Pages 배포 검증 완료 상태 유지,새 레이아웃 배포 검증 완료
_posts/sprint/sprint-intermediate-project/2026-04-15-categories-sprint-intermediate-project002.md,2026-04-15-categories-sprint-intermediate-project002.md,"[Sprint 백엔드 중급 프로젝트 2일차] 프로젝트 2일차, 프로젝트 구조와 방향 구체화",2026-04-15,2026,Sprint 백엔드 중급 프로젝트,Codeit Sprint | Codeit Sprint 백엔드 중급 프로젝트,/categories/codeit-sprint/sprint-intermediate-project/sprint-intermediate-project002,기본값,false,single-editorial,true,true,기본값,false,기본값,기본값,기본값,false,false,3,8,0,0,11,false,0,0,0,0,0,0,0,0,0,,false,0,0,0,0,true,br,false,,,,excerpt/description 없음; H1 3개; 단순 inline HTML (br),🟢 바로 적용 후보,호환성 위험 요소 없음,GitHub Pages 배포 검증 완료 상태 유지,새 레이아웃 배포 검증 완료
_posts/sprint/sprint-intermediate-project/2026-04-16-categories-sprint-intermediate-project003.md,2026-04-16-categories-sprint-intermediate-project003.md,"[Sprint 백엔드 중급 프로젝트 3일차] Merge 기준을 정하고, 구현으로",2026-04-16,2026,Sprint 백엔드 중급 프로젝트,Codeit Sprint | Codeit Sprint 백엔드 중급 프로젝트,/categories/codeit-sprint/sprint-intermediate-project/sprint-intermediate-project003,기본값,false,single-editorial,true,true,기본값,false,기본값,기본값,기본값,false,false,3,3,0,0,6,false,0,0,0,0,0,0,0,0,0,,false,0,0,0,0,true,br,false,,,,excerpt/description 없음; H1 3개; 단순 inline HTML (br),🟢 바로 적용 후보,호환성 위험 요소 없음,GitHub Pages 배포 검증 완료 상태 유지,새 레이아웃 배포 검증 완료
_posts/sprint/sprint-intermediate-project/2026-04-17-categories-sprint-intermediate-project004.md,2026-04-17-categories-sprint-intermediate-project004.md,[Sprint 백엔드 중급 프로젝트 4일차] 뉴스 기사 출처 목록과 뉴스 기사 목록 조회 구현,2026-04-17,2026,Sprint 백엔드 중급 프로젝트,Codeit Sprint | Codeit Sprint 백엔드 중급 프로젝트,/categories/codeit-sprint/sprint-intermediate-project/sprint-intermediate-project004,기본값,false,single-editorial,true,true,기본값,false,기본값,기본값,기본값,false,false,3,5,0,0,8,false,0,0,0,0,0,0,0,0,0,,false,0,0,0,0,true,br,false,,,,excerpt/description 없음; H1 3개; 단순 inline HTML (br),🟢 바로 적용 후보,호환성 위험 요소 없음,GitHub Pages 배포 검증 완료 상태 유지,새 레이아웃 배포 검증 완료
_posts/sprint/sprint-intermediate-project/2026-04-19-categories-sprint-intermediate-project005.md,2026-04-19-categories-sprint-intermediate-project005.md,[Sprint 백엔드 중급 프로젝트 5일차] 뉴스 기사 목록 조회 Controller와 Service 구현,2026-04-19,2026,Sprint 백엔드 중급 프로젝트,Codeit Sprint | Codeit Sprint 백엔드 중급 프로젝트,/categories/codeit-sprint/sprint-intermediate-project/sprint-intermediate-project005,기본값,false,single-editorial,true,true,기본값,false,기본값,기본값,기본값,false,false,3,7,0,0,10,false,0,0,0,0,0,0,0,0,0,,false,0,0,0,0,true,br,false,,,,excerpt/description 없음; H1 3개; 단순 inline HTML (br),🟢 바로 적용 후보,호환성 위험 요소 없음,GitHub Pages 배포 검증 완료 상태 유지,새 레이아웃 배포 검증 완료
_posts/sprint/sprint-intermediate-project/2026-04-20-categories-sprint-intermediate-project006.md,2026-04-20-categories-sprint-intermediate-project006.md,[Sprint 백엔드 중급 프로젝트 6일차] QueryDSL로 뉴스 기사 목록 조회 Repository 구현,2026-04-20,2026,Sprint 백엔드 중급 프로젝트,Codeit Sprint | Codeit Sprint 백엔드 중급 프로젝트,/categories/codeit-sprint/sprint-intermediate-project/sprint-intermediate-project006,기본값,false,single-editorial,true,true,기본값,false,기본값,기본값,기본값,false,false,3,6,2,0,11,false,1,1,0,0,109,0,0,0,0,,false,0,0,0,0,true,br,false,,,,excerpt/description 없음; H1 3개; 단순 inline HTML (br),🟢 바로 적용 후보,호환성 위험 요소 없음,GitHub Pages 배포 검증 완료 상태 유지,새 레이아웃 배포 검증 완료
_posts/sprint/sprint-intermediate-project/2026-04-21-categories-sprint-intermediate-project007.md,2026-04-21-categories-sprint-intermediate-project007.md,[Sprint 백엔드 중급 프로젝트 7일차] 뉴스 기사 view와 논리/물리 삭제 구현 및 뉴스 기사 목록 조회 Troubleshooting,2026-04-21,2026,Sprint 백엔드 중급 프로젝트,Codeit Sprint | Codeit Sprint 백엔드 중급 프로젝트,/categories/codeit-sprint/sprint-intermediate-project/sprint-intermediate-project007,기본값,false,single-editorial,true,true,기본값,false,기본값,기본값,기본값,false,false,4,5,3,0,12,false,4,4,0,0,77,0,0,0,0,,false,0,0,0,0,true,br,false,,,,excerpt/description 없음; H1 4개; 단순 inline HTML (br),🟢 바로 적용 후보,호환성 위험 요소 없음,GitHub Pages 배포 검증 완료 상태 유지,새 레이아웃 배포 검증 완료
_posts/sprint/sprint-intermediate-project/2026-04-22-categories-sprint-intermediate-project008.md,2026-04-22-categories-sprint-intermediate-project008.md,[Sprint 백엔드 중급 프로젝트 8일차] 무한 스크롤 트러블슈팅과 GitHub Actions 기반 Codecov 파이프라인 구축,2026-04-22,2026,Sprint 백엔드 중급 프로젝트,Codeit Sprint | Codeit Sprint 백엔드 중급 프로젝트,/categories/codeit-sprint/sprint-intermediate-project/sprint-intermediate-project008,기본값,false,single-editorial,true,true,기본값,false,기본값,기본값,기본값,false,false,4,1,4,0,9,false,2,2,0,0,98,0,0,0,0,,false,0,0,0,0,true,br,false,,,,excerpt/description 없음; H1 4개; 단순 inline HTML (br),🟢 바로 적용 후보,호환성 위험 요소 없음,GitHub Pages 배포 검증 완료 상태 유지,새 레이아웃 배포 검증 완료
_posts/sprint/sprint-intermediate-project/2026-04-23-categories-sprint-intermediate-project009.md,2026-04-23-categories-sprint-intermediate-project009.md,[Sprint 백엔드 중급 프로젝트 9일차] AWS ECS 수동 배포 시작,2026-04-23,2026,Sprint 백엔드 중급 프로젝트,Codeit Sprint | Codeit Sprint 백엔드 중급 프로젝트,/categories/codeit-sprint/sprint-intermediate-project/sprint-intermediate-project009,기본값,false,single-editorial,true,true,기본값,false,기본값,기본값,기본값,false,false,3,5,3,0,11,false,3,3,0,0,82,0,0,0,0,,false,0,0,0,0,true,br,false,,,,excerpt/description 없음; H1 3개; 단순 inline HTML (br),🟢 바로 적용 후보,호환성 위험 요소 없음,GitHub Pages 배포 검증 완료 상태 유지,새 레이아웃 배포 검증 완료
_posts/sprint/sprint-intermediate-project/2026-04-24-categories-sprint-intermediate-project010.md,2026-04-24-categories-sprint-intermediate-project010.md,[Sprint 백엔드 중급 프로젝트 10일차] AWS ECS 자동 배포 CD 파이프라인 구축,2026-04-24,2026,Sprint 백엔드 중급 프로젝트,Codeit Sprint | Codeit Sprint 백엔드 중급 프로젝트,/categories/codeit-sprint/sprint-intermediate-project/sprint-intermediate-project010,기본값,false,single-editorial,true,true,기본값,false,기본값,기본값,기본값,false,false,3,7,3,0,13,false,19,19,6,0,93,0,0,0,0,,false,0,0,0,0,true,br,false,,,,excerpt/description 없음; H1 3개; 언어 없는 코드 fence 6개; 단순 inline HTML (br),🟢 바로 적용 후보,호환성 위험 요소 없음,GitHub Pages 배포 검증 완료 상태 유지,새 레이아웃 배포 검증 완료
_posts/sprint/sprint-intermediate-project/2026-04-27-categories-sprint-intermediate-project011.md,2026-04-27-categories-sprint-intermediate-project011.md,[Sprint 백엔드 중급 프로젝트 11일차] 뉴스 기사 백업 배치 구현,2026-04-27,2026,Sprint 백엔드 중급 프로젝트,Codeit Sprint | Codeit Sprint 백엔드 중급 프로젝트,/categories/codeit-sprint/sprint-intermediate-project/sprint-intermediate-project011,기본값,false,single-editorial,true,true,기본값,false,기본값,기본값,기본값,false,false,3,5,0,0,8,false,6,5,2,0,77,0,0,0,0,,false,0,0,0,0,true,br,false,,,,excerpt/description 없음; H1 3개; 언어 없는 코드 fence 2개; 단순 inline HTML (br),🟢 바로 적용 후보,호환성 위험 요소 없음,GitHub Pages 배포 검증 완료 상태 유지,새 레이아웃 배포 검증 완료
_posts/sprint/sprint-intermediate-project/2026-04-28-categories-sprint-intermediate-project012.md,2026-04-28-categories-sprint-intermediate-project012.md,[Sprint 백엔드 중급 프로젝트 12일차] 뉴스 기사 복구 시 관심사 연결 정보까지 복원하도록 개선하기,2026-04-28,2026,Sprint 백엔드 중급 프로젝트,Codeit Sprint | Codeit Sprint 백엔드 중급 프로젝트,/categories/codeit-sprint/sprint-intermediate-project/sprint-intermediate-project012,기본값,false,single-editorial,true,true,기본값,false,기본값,기본값,기본값,false,false,3,6,3,0,12,false,13,13,2,0,99,0,0,0,0,,false,0,0,0,0,true,br,false,,,,excerpt/description 없음; H1 3개; 언어 없는 코드 fence 2개; 단순 inline HTML (br),🟢 바로 적용 후보,호환성 위험 요소 없음,GitHub Pages 배포 검증 완료 상태 유지,새 레이아웃 배포 검증 완료
_posts/sprint/sprint-intermediate-project/2026-05-06-categories-sprint-intermediate-project013.md,2026-05-06-categories-sprint-intermediate-project013.md,[Sprint 백엔드 중급 프로젝트] Monew 개인 개발 리포트,2026-05-06,2026,Sprint 백엔드 중급 프로젝트,Codeit Sprint | Codeit Sprint 백엔드 중급 프로젝트,/categories/codeit-sprint/sprint-intermediate-project/sprint-intermediate-project013,기본값,false,single-editorial,true,true,기본값,false,기본값,기본값,기본값,false,false,4,7,24,18,35,false,19,18,5,0,98,7,0,7,0,,false,0,0,0,0,false,,false,,,,excerpt/description 없음; H1 4개; 언어 없는 코드 fence 5개,🟡 화면 확인,목차 대상 heading 35개,GitHub Pages 배포 검증 완료 상태 유지,새 레이아웃 배포 검증 완료
_posts/sprint/sprint-intermediate-project/2026-05-06-categories-sprint-intermediate-project014.md,2026-05-06-categories-sprint-intermediate-project014.md,[Sprint 백엔드 중급 프로젝트] Monew 프로젝트 회고록,2026-05-06,2026,Sprint 백엔드 중급 프로젝트,Codeit Sprint | Codeit Sprint 백엔드 중급 프로젝트,/categories/codeit-sprint/sprint-intermediate-project/sprint-intermediate-project014,기본값,false,single-editorial,true,true,기본값,false,기본값,기본값,기본값,false,false,4,6,0,0,10,false,0,0,0,0,0,0,0,0,0,,false,0,0,0,0,true,br,false,,,,excerpt/description 없음; H1 4개; 단순 inline HTML (br),🟢 바로 적용 후보,호환성 위험 요소 없음,GitHub Pages 배포 검증 완료 상태 유지,새 레이아웃 배포 검증 완료
_posts/sprint/sprint-til/2025-12-28-categories-sprint-til0.md,2025-12-28-categories-sprint-til0.md,[TIL 일 차] ,2025-12-28,2025,Sprint TIL,Codeit Sprint | Codeit Sprint TIL,/categories/codeit-sprint/sprint-til/sprint-til0,false,false,single-editorial,true,true,기본값,false,기본값,기본값,기본값,false,false,0,0,0,0,0,false,0,0,0,0,0,0,0,0,0,,false,0,0,0,0,false,,false,,,,excerpt/description 없음,🔴 높은 위험,permalink 중복,사용자 결정: 전환 대상 제외,공개·전환 대상 제외
_posts/sprint/sprint-til/2025-12-29-categories-sprint-til0.md,2025-12-29-categories-sprint-til0.md,[TIL 일 차] Sprint Mission,2025-12-29,2025,Sprint TIL,Codeit Sprint | Codeit Sprint TIL,/categories/codeit-sprint/sprint-til/sprint-til0,false,false,single-editorial,true,true,기본값,false,기본값,기본값,기본값,false,false,4,8,0,0,12,false,0,0,0,0,0,0,0,0,0,,false,0,0,0,0,false,,false,,,,excerpt/description 없음; H1 4개,🔴 높은 위험,permalink 중복,사용자 결정: 전환 대상 제외,공개·전환 대상 제외
_posts/sprint/sprint-til/2025-12-30-categories-sprint-til001.md,2025-12-30-categories-sprint-til001.md,[TIL 1일 차] CLI와 GIT,2025-12-30,2025,Sprint TIL,Codeit Sprint | Codeit Sprint TIL,/categories/codeit-sprint/sprint-til/sprint-til001/,기본값,false,single-editorial,true,true,기본값,false,기본값,기본값,기본값,false,false,1,5,5,0,11,false,0,0,0,0,0,0,0,0,0,,false,0,0,0,0,true,br | span,false,,,,"excerpt/description 없음; 단순 inline HTML (br, span)",🟢 바로 적용 후보,호환성 위험 요소 없음,GitHub Pages 배포 검증 완료 상태 유지,새 레이아웃 배포 검증 완료
_posts/sprint/sprint-til/2025-12-31-categories-sprint-til002.md,2025-12-31-categories-sprint-til002.md,[TIL 2일 차] Java 시작,2025-12-31,2025,Sprint TIL,Codeit Sprint | Codeit Sprint TIL,/categories/codeit-sprint/sprint-til/sprint-til002/,기본값,false,single-editorial,true,true,기본값,false,기본값,기본값,기본값,false,false,1,7,9,0,17,false,0,0,0,0,0,0,1,1,0,,true,2,0,2,4,true,br | img | span,false,,,,"excerpt/description 없음; 고정 너비 이미지; 단순 inline HTML (br, img, span)",🟢 바로 적용 후보,호환성 위험 요소 없음,GitHub Pages 배포·이미지 검증 완료 상태 유지,새 레이아웃 배포 검증 완료
_posts/sprint/sprint-til/2026-01-05-categories-sprint-til003.md,2026-01-05-categories-sprint-til003.md,[TIL 3일 차] 객체지향 프로그래밍의 이해,2026-01-05,2026,Sprint TIL,Codeit Sprint | Codeit Sprint TIL,/categories/codeit-sprint/sprint-til/sprint-til003/,기본값,false,single-editorial,true,true,기본값,false,기본값,기본값,기본값,true,false,1,5,16,16,22,false,9,9,0,0,54,0,2,2,0,,true,6,0,6,4,true,br | img | span,false,,,,"고정 너비 이미지; 단순 inline HTML (br, img, span)",🟢 바로 적용 후보,호환성 위험 요소 없음,GitHub Pages 배포·이미지 검증 완료 상태 유지,새 레이아웃 배포 검증 완료
_posts/sprint/sprint-til/2026-01-06-categories-sprint-til004.md,2026-01-06-categories-sprint-til004.md,[TIL 4일 차] 객체지향 프로그래밍의 이해,2026-01-06,2026,Sprint TIL,Codeit Sprint | Codeit Sprint TIL,/categories/codeit-sprint/sprint-til/sprint-til004/,기본값,false,single-editorial,true,true,기본값,false,기본값,기본값,기본값,true,false,2,2,9,17,13,false,11,11,0,0,56,1,0,1,0,,false,14,0,14,4,true,br | span,false,,,,"H1 2개; 단순 inline HTML (br, span)",🟢 바로 적용 후보,호환성 위험 요소 없음,GitHub Pages 배포 검증 완료 상태 유지,새 레이아웃 배포 검증 완료
_posts/sprint/sprint-til/2026-01-07-categories-sprint-til005.md,2026-01-07-categories-sprint-til005.md,[TIL 5일 차] 객체지향 프로그래밍의 이해,2026-01-07,2026,Sprint TIL,Codeit Sprint | Codeit Sprint TIL,/categories/codeit-sprint/sprint-til/sprint-til005/,기본값,false,single-editorial,true,true,기본값,false,기본값,기본값,기본값,true,false,1,4,11,23,16,false,5,5,0,0,47,0,1,1,0,,true,6,0,6,6,true,br | img,false,,,,"고정 너비 이미지; 단순 inline HTML (br, img)",🟡 화면 확인,넓은/HTML 표 (최대 6열),GitHub Pages 배포 검증 완료 상태 유지,새 레이아웃 배포 검증 완료
_posts/sprint/sprint-til/2026-01-08-categories-sprint-til006.md,2026-01-08-categories-sprint-til006.md,[TIL 6일 차] ,2026-01-08,2026,Sprint TIL,Codeit Sprint | Codeit Sprint TIL,/categories/codeit-sprint/sprint-til/sprint-til006/,기본값,false,single-editorial,true,true,기본값,false,기본값,기본값,기본값,false,false,0,1,0,0,1,false,0,0,0,0,0,0,0,0,0,,false,0,0,0,0,false,,false,,,,excerpt/description 없음,🟢 바로 적용 후보,호환성 위험 요소 없음,GitHub Pages 배포 검증 완료 상태 유지,새 레이아웃 배포 검증 완료
_posts/sprint/sprint-til/2026-01-09-categories-sprint-til007.md,2026-01-09-categories-sprint-til007.md,[TIL 7일차] Sprint Mission2.1 - 디스코드: 도메인 모델링 및 서비스 설계,2026-01-09,2026,Sprint TIL,Codeit Sprint | Codeit Sprint TIL,/categories/codeit-sprint/sprint-til/sprint-til007/,기본값,false,single-editorial,true,true,기본값,false,기본값,기본값,기본값,false,false,3,3,4,0,10,false,0,0,0,0,0,0,0,0,0,,false,0,0,0,0,true,br,false,,,,excerpt/description 없음; H1 3개; 단순 inline HTML (br),🟢 바로 적용 후보,호환성 위험 요소 없음,GitHub Pages 배포 검증 완료 상태 유지,새 레이아웃 배포 검증 완료
_posts/sprint/sprint-til/2026-01-12-categories-sprint-til008.md,2026-01-12-categories-sprint-til008.md,[TIL 8일차] Sprint Mission2.1 - 디스코드: 도메인 모델링 및 서비스 설계,2026-01-12,2026,Sprint TIL,Codeit Sprint | Codeit Sprint TIL,/categories/codeit-sprint/sprint-til/sprint-til008/,기본값,false,single-editorial,true,true,기본값,false,기본값,기본값,기본값,false,false,3,3,7,0,13,false,0,0,0,0,0,0,0,0,0,,false,0,0,0,0,true,br,false,,,,excerpt/description 없음; H1 3개; 단순 inline HTML (br),🟢 바로 적용 후보,호환성 위험 요소 없음,GitHub Pages 배포 검증 완료 상태 유지,새 레이아웃 배포 검증 완료
_posts/sprint/sprint-til/2026-01-13-categories-sprint-til009.md,2026-01-13-categories-sprint-til009.md,[TIL 9일차] Sprint Mission2.1 - 디스코드: 도메인 모델링 및 서비스 설계,2026-01-13,2026,Sprint TIL,Codeit Sprint | Codeit Sprint TIL,/categories/codeit-sprint/sprint-til/sprint-til009/,기본값,false,single-editorial,true,true,기본값,false,기본값,기본값,기본값,false,false,3,3,4,0,10,false,0,0,0,0,0,0,0,0,0,,false,0,0,0,0,true,br,false,,,,excerpt/description 없음; H1 3개; 단순 inline HTML (br),🟢 바로 적용 후보,호환성 위험 요소 없음,GitHub Pages 배포 검증 완료 상태 유지,새 레이아웃 배포 검증 완료
_posts/sprint/sprint-til/2026-01-14-categories-sprint-til010.md,2026-01-14-categories-sprint-til010.md,[TIL 10일차] Sprint Mission2.1 - 디스코드: 도메인 모델링 및 서비스 설계,2026-01-14,2026,Sprint TIL,Codeit Sprint | Codeit Sprint TIL,/categories/codeit-sprint/sprint-til/sprint-til010/,기본값,false,single-editorial,true,true,기본값,false,기본값,기본값,기본값,false,false,3,5,8,0,16,false,0,0,0,0,0,0,0,0,0,,false,0,0,0,0,true,br,false,,,,excerpt/description 없음; H1 3개; 단순 inline HTML (br),🟢 바로 적용 후보,호환성 위험 요소 없음,GitHub Pages 배포 검증 완료 상태 유지,새 레이아웃 배포 검증 완료
_posts/sprint/sprint-til/2026-01-15-categories-sprint-til011.md,2026-01-15-categories-sprint-til011.md,[TIL 11일차] Sprint Mission2.1 - 디스코드: 도메인 모델링 및 서비스 설계,2026-01-15,2026,Sprint TIL,Codeit Sprint | Codeit Sprint TIL,/categories/codeit-sprint/sprint-til/sprint-til011/,기본값,false,single-editorial,true,true,기본값,false,기본값,기본값,기본값,false,false,2,2,1,0,5,false,0,0,0,0,0,0,0,0,0,,false,0,0,0,0,true,br,false,,,,excerpt/description 없음; H1 2개; 단순 inline HTML (br),🟢 바로 적용 후보,호환성 위험 요소 없음,GitHub Pages 배포 검증 완료 상태 유지,새 레이아웃 배포 검증 완료
_posts/sprint/sprint-til/2026-01-16-categories-sprint-til012.md,2026-01-16-categories-sprint-til012.md,[TIL 12일차] Sprint Mission2.1 - 디스코드: 도메인 모델링 및 서비스 설계,2026-01-16,2026,Sprint TIL,Codeit Sprint | Codeit Sprint TIL,/categories/codeit-sprint/sprint-til/sprint-til012/,기본값,false,single-editorial,true,true,기본값,false,기본값,기본값,기본값,false,false,2,2,2,0,6,false,2,2,0,0,38,0,0,0,0,,false,0,0,0,0,true,br,false,,,,excerpt/description 없음; H1 2개; 단순 inline HTML (br),🟢 바로 적용 후보,호환성 위험 요소 없음,GitHub Pages 배포 검증 완료 상태 유지,새 레이아웃 배포 검증 완료
_posts/sprint/sprint-til/2026-01-19-categories-sprint-til013.md,2026-01-19-categories-sprint-til013.md,[TIL 13일차] 알고리즘과 자료구조 이해하기,2026-01-19,2026,Sprint TIL,Codeit Sprint | Codeit Sprint TIL,/categories/codeit-sprint/sprint-til/sprint-til013/,기본값,false,single-editorial,true,true,기본값,false,기본값,기본값,기본값,false,false,1,5,16,11,22,false,4,3,0,0,38,0,1,1,0,,true,3,0,3,5,true,br | img | span,false,,,,"excerpt/description 없음; 고정 너비 이미지; 단순 inline HTML (br, img, span)",🟢 바로 적용 후보,호환성 위험 요소 없음,GitHub Pages 배포·이미지 검증 완료 상태 유지,새 레이아웃 배포 검증 완료
_posts/sprint/sprint-til/2026-01-20-categories-sprint-til014.md,2026-01-20-categories-sprint-til014.md,[TIL 14일차] Sprint Mission2.2 - 디스코드: File IO를 통한 데이터 영속화와 레포지토리 설계 및 구현,2026-01-20,2026,Sprint TIL,Codeit Sprint | Codeit Sprint TIL,/categories/codeit-sprint/sprint-til/sprint-til014/,기본값,false,single-editorial,true,true,기본값,false,기본값,기본값,기본값,false,false,3,4,6,0,13,false,1,1,0,0,60,0,0,0,0,,false,0,0,0,0,true,br,false,,,,excerpt/description 없음; H1 3개; 단순 inline HTML (br),🟢 바로 적용 후보,호환성 위험 요소 없음,GitHub Pages 배포 검증 완료 상태 유지,새 레이아웃 배포 검증 완료
_posts/sprint/sprint-til/2026-01-21-categories-sprint-til015-1.md,2026-01-21-categories-sprint-til015-1.md,'[TIL 15일차] Sprint Mission2.2 - 디스코드: 관심사 분리를 통한 레이어 간 의존성 주입,2026-01-21,2026,Sprint TIL,Codeit Sprint | Codeit Sprint TIL,/categories/codeit-sprint/sprint-til/sprint-til015-1/,기본값,false,single-editorial,true,true,기본값,false,기본값,기본값,기본값,false,false,3,3,2,0,8,false,1,1,0,0,98,0,0,0,0,,false,0,0,0,0,true,br,false,,,,excerpt/description 없음; H1 3개; 단순 inline HTML (br),🟢 바로 적용 후보,호환성 위험 요소 없음,GitHub Pages 배포 검증 완료 상태 유지,새 레이아웃 배포 검증 완료
_posts/sprint/sprint-til/2026-01-21-categories-sprint-til015-2.md,2026-01-21-categories-sprint-til015-2.md,[TIL 15일차] Spring 오버뷰,2026-01-21,2026,Sprint TIL,Codeit Sprint | Codeit Sprint TIL,/categories/codeit-sprint/sprint-til/sprint-til015-2/,기본값,false,single-editorial,true,true,기본값,false,기본값,기본값,기본값,true,false,1,3,9,6,13,false,0,0,0,0,0,0,2,2,0,,true,3,0,3,3,true,br | img | span,false,,,,"고정 너비 이미지; 단순 inline HTML (br, img, span)",🟢 바로 적용 후보,호환성 위험 요소 없음,GitHub Pages 배포·이미지 검증 완료 상태 유지,새 레이아웃 배포 검증 완료
_posts/sprint/sprint-til/2026-01-22-categories-sprint-til016.md,2026-01-22-categories-sprint-til016.md,[TIL 16일차] Spring 오버뷰 ~ Spring Boot: 코드레벨 아키텍처,2026-01-22,2026,Sprint TIL,Codeit Sprint | Codeit Sprint TIL,/categories/codeit-sprint/sprint-til/sprint-til016/,기본값,false,single-editorial,true,true,기본값,false,기본값,기본값,기본값,true,false,1,8,20,3,29,false,2,2,2,0,50,0,2,2,0,,true,1,0,1,2,true,br | img | span,false,,,,"언어 없는 코드 fence 2개; 고정 너비 이미지; 단순 inline HTML (br, img, span)",🟢 바로 적용 후보,호환성 위험 요소 없음,GitHub Pages 배포·이미지 검증 완료 상태 유지,새 레이아웃 배포 검증 완료
_posts/sprint/sprint-til/2026-01-23-categories-sprint-til017.md,2026-01-23-categories-sprint-til017.md,[TIL 17일 차] Spring Boot: 코드 레벨 아키텍처,2026-01-23,2026,Sprint TIL,Codeit Sprint | Codeit Sprint TIL,/categories/codeit-sprint/sprint-til/sprint-til017/,기본값,false,single-editorial,true,true,기본값,false,기본값,기본값,기본값,true,false,1,4,11,4,16,false,3,3,0,0,74,0,0,0,0,,false,3,0,3,3,true,br | span,false,,,,"단순 inline HTML (br, span)",🟢 바로 적용 후보,호환성 위험 요소 없음,GitHub Pages 배포 검증 완료 상태 유지,새 레이아웃 배포 검증 완료
_posts/sprint/sprint-til/2026-01-26-categories-sprint-til018.md,2026-01-26-categories-sprint-til018.md,[TIL 18일 차] Spring Beans의 이해와 활용,2026-01-26,2026,Sprint TIL,Codeit Sprint | Codeit Sprint TIL,/categories/codeit-sprint/sprint-til/sprint-til018/,기본값,false,single-editorial,true,true,기본값,false,기본값,기본값,기본값,true,false,1,4,12,6,17,false,0,0,0,0,0,0,0,0,0,,false,2,0,2,3,true,br | span,false,,,,"단순 inline HTML (br, span)",🟢 바로 적용 후보,호환성 위험 요소 없음,GitHub Pages 배포 검증 완료 상태 유지,새 레이아웃 배포 검증 완료
_posts/sprint/sprint-til/2026-01-27-categories-sprint-til019-1.md,2026-01-27-categories-sprint-til019-1.md,[TIL 19일 차] Spring Beans의 이해와 활용,2026-01-27,2026,Sprint TIL,Codeit Sprint | Codeit Sprint TIL,/categories/codeit-sprint/sprint-til/sprint-til019-1/,기본값,false,single-editorial,true,true,기본값,false,기본값,기본값,기본값,true,false,1,3,8,0,12,false,10,6,0,0,88,0,0,0,0,,false,0,0,0,0,true,br | span,false,,,,"단순 inline HTML (br, span)",🟢 바로 적용 후보,호환성 위험 요소 없음,GitHub Pages 배포 검증 완료 상태 유지,새 레이아웃 배포 검증 완료
_posts/sprint/sprint-til/2026-01-27-categories-sprint-til019-2.md,2026-01-27-categories-sprint-til019-2.md,[TIL 19일 차] Sprint Mission3 - 디스코드: Bean 선언 및 Lombok 적용,2026-01-27,2026,Sprint TIL,Codeit Sprint | Codeit Sprint TIL,/categories/codeit-sprint/sprint-til/sprint-til019-2/,기본값,false,single-editorial,true,true,기본값,false,기본값,기본값,기본값,true,false,3,4,8,0,15,false,0,0,0,0,0,0,0,0,0,,false,0,0,0,0,true,br,false,,,,H1 3개; 단순 inline HTML (br),🟢 바로 적용 후보,호환성 위험 요소 없음,GitHub Pages 배포 검증 완료 상태 유지,새 레이아웃 배포 검증 완료
_posts/sprint/sprint-til/2026-01-28-categories-sprint-til020.md,2026-01-28-categories-sprint-til020.md,[TIL 20일 차] Sprint Mission3 - 디스코드: 새로운 도메인 추가와 `UserService` 고도화,2026-01-28,2026,Sprint TIL,Codeit Sprint | Codeit Sprint TIL,/categories/codeit-sprint/sprint-til/sprint-til020/,기본값,false,single-editorial,true,true,기본값,false,기본값,기본값,기본값,true,false,3,4,7,1,14,false,0,0,0,0,0,0,2,2,0,,true,0,0,0,0,true,br | img,false,,,,"H1 3개; 고정 너비 이미지; 단순 inline HTML (br, img)",🟢 바로 적용 후보,호환성 위험 요소 없음,GitHub Pages 배포 검증 완료 상태 유지,새 레이아웃 배포 검증 완료
_posts/sprint/sprint-til/2026-01-29-categories-sprint-til021.md,2026-01-29-categories-sprint-til021.md,[TIL 21일 차] Sprint Mission3 - 디스코드:  `AuthService` 구현과 `ChannelService` 고도화,2026-01-29,2026,Sprint TIL,Codeit Sprint | Codeit Sprint TIL,/categories/codeit-sprint/sprint-til/sprint-til021/,기본값,false,single-editorial,true,true,기본값,false,기본값,기본값,기본값,false,false,3,3,0,0,6,false,0,0,0,0,0,0,2,2,0,,true,0,0,0,0,true,br | img,false,,,,"excerpt/description 없음; H1 3개; 고정 너비 이미지; 단순 inline HTML (br, img)",🟢 바로 적용 후보,호환성 위험 요소 없음,GitHub Pages 배포 검증 완료 상태 유지,새 레이아웃 배포 검증 완료
_posts/sprint/sprint-til/2026-01-30-categories-sprint-til022.md,2026-01-30-categories-sprint-til022.md,"[TIL 22일 차] Sprint Mission3 - 디스코드: `MessageService` 고도화와 `ReadStatusService`, `UserStatusService`, `BinaryContentService` 구현",2026-01-30,2026,Sprint TIL,Codeit Sprint | Codeit Sprint TIL,/categories/codeit-sprint/sprint-til/sprint-til022/,기본값,false,single-editorial,true,true,기본값,false,기본값,기본값,기본값,false,false,3,8,2,0,13,false,2,2,0,0,32,0,5,5,0,,true,0,0,0,0,true,br | img,false,,,,"excerpt/description 없음; H1 3개; 고정 너비 이미지; 단순 inline HTML (br, img)",🟢 바로 적용 후보,호환성 위험 요소 없음,GitHub Pages 배포 검증 완료 상태 유지,새 레이아웃 배포 검증 완료
_posts/sprint/sprint-til/2026-02-04-categories-sprint-til023.md,2026-02-04-categories-sprint-til023.md,[TIL 23일 차] Spring MVC: 비즈니스 로직,2026-02-04,2026,Sprint TIL,Codeit Sprint | Codeit Sprint TIL,/categories/codeit-sprint/sprint-til/sprint-til023/,기본값,false,single-editorial,true,true,기본값,false,기본값,기본값,기본값,true,false,1,1,1,1,3,false,0,0,0,0,0,0,0,0,0,,false,0,0,0,0,true,span,false,,,,단순 inline HTML (span),🟢 바로 적용 후보,호환성 위험 요소 없음,GitHub Pages 배포 검증 완료 상태 유지,새 레이아웃 배포 검증 완료
_posts/sprint/sprint-til/2026-02-05-categories-sprint-til024.md,2026-02-05-categories-sprint-til024.md,[TIL 24일 차] Spring MVC: 비즈니스 로직,2026-02-05,2026,Sprint TIL,Codeit Sprint | Codeit Sprint TIL,/categories/codeit-sprint/sprint-til/sprint-til024/,기본값,false,single-editorial,true,true,기본값,false,기본값,기본값,기본값,true,false,1,8,15,0,24,false,9,4,1,0,74,0,1,1,0,,true,0,0,0,0,true,br | img | span,false,,,,"언어 없는 코드 fence 1개; 고정 너비 이미지; 단순 inline HTML (br, img, span)",🟢 바로 적용 후보,호환성 위험 요소 없음,GitHub Pages 배포·이미지 검증 완료 상태 유지,새 레이아웃 배포 검증 완료
_posts/sprint/sprint-til/2026-02-06-categories-sprint-til025-1.md,2026-02-06-categories-sprint-til025-1.md,[TIL 25일 차] Spring MVC: 비즈니스 로직,2026-02-06,2026,Sprint TIL,Codeit Sprint | Codeit Sprint TIL,/categories/codeit-sprint/sprint-til/sprint-til025-1/,기본값,false,single-editorial,true,true,기본값,false,기본값,기본값,기본값,true,false,1,3,5,0,9,false,8,7,0,0,114,0,0,0,0,,false,0,0,0,0,true,br | span,false,,,,"단순 inline HTML (br, span)",🟢 바로 적용 후보,호환성 위험 요소 없음,GitHub Pages 배포 검증 완료 상태 유지,새 레이아웃 배포 검증 완료
_posts/sprint/sprint-til/2026-02-06-categories-sprint-til025-2.md,2026-02-06-categories-sprint-til025-2.md,[TIL 25일 차] Sprint Mission4 - 디스코드: Controller Layer 구현,2026-02-06,2026,Sprint TIL,Codeit Sprint | Codeit Sprint TIL,/categories/codeit-sprint/sprint-til/sprint-til025-2/,기본값,false,single-editorial,true,true,기본값,false,기본값,기본값,기본값,true,false,3,4,4,0,11,false,3,3,0,0,1050,0,0,0,0,,false,0,0,0,0,true,br,false,,,,H1 3개; 단순 inline HTML (br),🟡 화면 확인,긴 코드 줄 1050자,GitHub Pages 배포 검증 완료 상태 유지,새 레이아웃 배포 검증 완료
_posts/sprint/sprint-til/2026-02-09-categories-sprint-til026.md,2026-02-09-categories-sprint-til026.md,[TIL 26일 차] Sprint Mission4 - 디스코드: Controller Layer 구현,2026-02-09,2026,Sprint TIL,Codeit Sprint | Codeit Sprint TIL,/categories/codeit-sprint/sprint-til/sprint-til026/,기본값,false,single-editorial,true,true,기본값,false,기본값,기본값,기본값,true,false,3,4,7,0,14,false,0,0,0,0,0,0,0,0,0,,false,0,0,0,0,true,br,false,,,,H1 3개; 단순 inline HTML (br),🟢 바로 적용 후보,호환성 위험 요소 없음,GitHub Pages 배포 검증 완료 상태 유지,새 레이아웃 배포 검증 완료
_posts/sprint/sprint-til/2026-02-10-categories-sprint-til027.md,2026-02-10-categories-sprint-til027.md,[TIL 27일 차] Sprint Mission4 - 디스코드: Controller Layer 구현 및 테스트,2026-02-10,2026,Sprint TIL,Codeit Sprint | Codeit Sprint TIL,/categories/codeit-sprint/sprint-til/sprint-til027/,기본값,false,single-editorial,true,true,기본값,false,기본값,기본값,기본값,true,false,3,3,5,0,11,false,1,0,0,0,0,0,1,1,0,,true,0,0,0,0,true,br | img,false,,,,"H1 3개; 고정 너비 이미지; 단순 inline HTML (br, img)",🟢 바로 적용 후보,호환성 위험 요소 없음,GitHub Pages 배포·이미지 검증 완료 상태 유지,새 레이아웃 배포 검증 완료
_posts/sprint/sprint-til/2026-02-11-categories-sprint-til028.md,2026-02-11-categories-sprint-til028.md,[TIL 28일 차] 좋은 웹 API 디자인이란,2026-02-11,2026,Sprint TIL,Codeit Sprint | Codeit Sprint TIL,/categories/codeit-sprint/sprint-til/sprint-til028/,기본값,false,single-editorial,true,true,기본값,false,기본값,기본값,기본값,true,false,2,4,12,0,18,false,6,1,1,0,65,0,0,0,0,,false,0,0,0,0,true,br | span,false,,,,"H1 2개; 언어 없는 코드 fence 1개; 단순 inline HTML (br, span)",🟢 바로 적용 후보,호환성 위험 요소 없음,GitHub Pages 배포 검증 완료 상태 유지,새 레이아웃 배포 검증 완료
_posts/sprint/sprint-til/2026-02-12-categories-sprint-til029.md,2026-02-12-categories-sprint-til029.md,[TIL 29일 차] 좋은 웹 API 디자인이란 ~ RESTful APIs 설계와 구현,2026-02-12,2026,Sprint TIL,Codeit Sprint | Codeit Sprint TIL,/categories/codeit-sprint/sprint-til/sprint-til029/,기본값,false,single-editorial,true,true,기본값,false,기본값,기본값,기본값,true,false,1,5,10,20,16,false,1,1,0,0,47,0,0,0,0,,false,0,0,0,0,true,br | span,false,,,,"단순 inline HTML (br, span)",🟢 바로 적용 후보,호환성 위험 요소 없음,GitHub Pages 배포 검증 완료 상태 유지,새 레이아웃 배포 검증 완료
_posts/sprint/sprint-til/2026-02-13-categories-sprint-til030.md,2026-02-13-categories-sprint-til030.md,[TIL 30일 차] RESTful APIs 설계와 구현,2026-02-13,2026,Sprint TIL,Codeit Sprint | Codeit Sprint TIL,/categories/codeit-sprint/sprint-til/sprint-til030/,기본값,false,single-editorial,true,true,기본값,false,기본값,기본값,기본값,true,false,1,3,10,21,14,false,5,5,0,0,89,0,0,0,0,,false,0,0,0,0,true,br | span,false,,,,"단순 inline HTML (br, span)",🟢 바로 적용 후보,호환성 위험 요소 없음,GitHub Pages 배포 검증 완료 상태 유지,새 레이아웃 배포 검증 완료
_posts/sprint/sprint-til/2026-02-15-categories-sprint-til031~32.md,2026-02-15-categories-sprint-til031~32.md,[TIL 31~32일 차] Sprint Mission5 - 구현한 API를 API 스펙에 맞춰 RESTful API로 다시 설계,2026-02-15,2026,Sprint TIL,Codeit Sprint | Codeit Sprint TIL,/categories/codeit-sprint/sprint-til/sprint-til031~32/,기본값,false,single-editorial,true,true,기본값,false,기본값,기본값,기본값,true,false,3,2,0,0,5,false,0,0,0,0,0,0,0,0,0,,false,0,0,0,0,false,,false,,,,H1 3개,🟢 바로 적용 후보,호환성 위험 요소 없음,GitHub Pages 배포 검증 완료 상태 유지,새 레이아웃 배포 검증 완료
_posts/sprint/sprint-til/2026-02-17-categories-sprint-til033~35.md,2026-02-17-categories-sprint-til033~35.md,[TIL 33~35일 차] Sprint Mission5 - 구현한 API를 API 스펙에 맞춰 RESTful API로 다시 설계,2026-02-16,2026,Sprint TIL,Codeit Sprint | Codeit Sprint TIL,/categories/codeit-sprint/sprint-til/sprint-til033~35/,기본값,false,single-editorial,true,true,기본값,false,기본값,기본값,기본값,true,false,3,4,1,0,8,false,0,0,0,0,0,0,0,0,0,,false,0,0,0,0,true,br,false,,,,H1 3개; 단순 inline HTML (br),🟢 바로 적용 후보,호환성 위험 요소 없음,GitHub Pages 배포 검증 완료 상태 유지,새 레이아웃 배포 검증 완료
_posts/sprint/sprint-til/2026-02-25-categories-sprint-til036.md,2026-02-25-categories-sprint-til036.md,[TIL 36일 차] SQL 이해하기 ~ 데이터베이스 설계,2026-02-25,2026,Sprint TIL,Codeit Sprint | Codeit Sprint TIL,/categories/codeit-sprint/sprint-til/sprint-til036/,기본값,false,single-editorial,true,true,기본값,false,기본값,기본값,기본값,true,false,2,4,9,16,15,false,8,8,0,0,57,0,0,0,0,,false,0,0,0,0,true,br | span,false,,,,"H1 2개; 단순 inline HTML (br, span)",🟢 바로 적용 후보,호환성 위험 요소 없음,GitHub Pages 배포 검증 완료 상태 유지,새 레이아웃 배포 검증 완료
_posts/sprint/sprint-til/2026-02-26-categories-sprint-til037.md,2026-02-26-categories-sprint-til037.md,[TIL 37일 차] 데이터베이스 설계 ~ Spring Data JPA 도입하기,2026-02-26,2026,Sprint TIL,Codeit Sprint | Codeit Sprint TIL,/categories/codeit-sprint/sprint-til/sprint-til037/,기본값,false,single-editorial,true,true,기본값,false,기본값,기본값,기본값,true,false,2,6,19,22,27,false,2,2,0,0,46,0,1,1,0,,true,0,0,0,0,true,br | img | span,false,,,,"H1 2개; 고정 너비 이미지; 단순 inline HTML (br, img, span)",🟢 바로 적용 후보,호환성 위험 요소 없음,GitHub Pages 배포·이미지 검증 완료 상태 유지,새 레이아웃 배포 검증 완료
_posts/sprint/sprint-til/2026-02-27-categories-sprint-til038.md,2026-02-27-categories-sprint-til038.md,[TIL 38일 차] Spring Data JPA 도입하기,2026-02-27,2026,Sprint TIL,Codeit Sprint | Codeit Sprint TIL,/categories/codeit-sprint/sprint-til/sprint-til038/,기본값,false,single-editorial,true,true,기본값,false,기본값,기본값,기본값,true,false,1,4,6,0,11,false,6,6,0,0,83,0,1,1,0,,true,0,0,0,0,true,br | img | span,false,,,,"고정 너비 이미지; 단순 inline HTML (br, img, span)",🟢 바로 적용 후보,호환성 위험 요소 없음,GitHub Pages 배포·이미지 검증 완료 상태 유지,새 레이아웃 배포 검증 완료
_posts/sprint/sprint-til/2026-03-03-categories-sprint-til039-1.md,2026-03-03-categories-sprint-til039-1.md,[TIL 39-1일 차] Spring Data JPA 도입하기 ~ Spring Transaction의 이해,2026-03-03,2026,Sprint TIL,Codeit Sprint | Codeit Sprint TIL,/categories/codeit-sprint/sprint-til/sprint-til039-1/,기본값,false,single-editorial,true,true,기본값,false,기본값,기본값,기본값,true,false,2,6,15,4,23,false,3,1,0,0,31,0,0,0,0,,false,1,0,1,5,true,br | span,false,,,,"H1 2개; 단순 inline HTML (br, span)",🟢 바로 적용 후보,호환성 위험 요소 없음,GitHub Pages 배포 검증 완료 상태 유지,새 레이아웃 배포 검증 완료
_posts/sprint/sprint-til/2026-03-03-categories-sprint-til039-2.md,2026-03-03-categories-sprint-til039-2.md,"[TIL 39-2일 차] Sprint Mission6 - 데이터베이스 환경 설정, table 생성, 의존성 설정",2026-03-03,2026,Sprint TIL,Codeit Sprint | Codeit Sprint TIL,/categories/codeit-sprint/sprint-til/sprint-til039-2/,기본값,false,single-editorial,true,true,기본값,false,기본값,기본값,기본값,true,false,3,4,1,0,8,false,1,1,0,0,58,0,1,1,0,,true,0,0,0,0,true,br | img,false,,,,"H1 3개; 고정 너비 이미지; 단순 inline HTML (br, img)",🟢 바로 적용 후보,호환성 위험 요소 없음,GitHub Pages 배포 검증 완료 상태 유지,새 레이아웃 배포 검증 완료
_posts/sprint/sprint-til/2026-03-04-categories-sprint-til040.md,2026-03-04-categories-sprint-til040.md,[TIL 40일 차] Sprint Mission6 - JPA 도입,2026-03-04,2026,Sprint TIL,Codeit Sprint | Codeit Sprint TIL,/categories/codeit-sprint/sprint-til/sprint-til040/,기본값,false,single-editorial,true,true,기본값,false,기본값,기본값,기본값,true,false,3,4,8,0,15,false,1,1,0,0,87,0,2,2,0,,true,1,0,1,5,true,br | img,false,,,,"H1 3개; 고정 너비 이미지; 단순 inline HTML (br, img)",🟢 바로 적용 후보,호환성 위험 요소 없음,GitHub Pages 배포 검증 완료 상태 유지,새 레이아웃 배포 검증 완료
_posts/sprint/sprint-til/2026-03-05-categories-sprint-til041.md,2026-03-05-categories-sprint-til041.md,[TIL 41일 차] Sprint Mission6 - JPA와 DTO 도입,2026-03-05,2026,Sprint TIL,Codeit Sprint | Codeit Sprint TIL,/categories/codeit-sprint/sprint-til/sprint-til041/,기본값,false,single-editorial,true,true,기본값,false,기본값,기본값,기본값,true,false,3,5,2,0,10,false,1,0,0,0,0,0,2,2,0,,true,0,0,0,0,true,br | img,false,,,,"H1 3개; 고정 너비 이미지; 단순 inline HTML (br, img)",🟢 바로 적용 후보,호환성 위험 요소 없음,GitHub Pages 배포 검증 완료 상태 유지,새 레이아웃 배포 검증 완료
_posts/sprint/sprint-til/2026-03-06-categories-sprint-til042.md,2026-03-06-categories-sprint-til042.md,[TIL 42일 차] Sprint Mission6 - DTO 도입 ~ BinaryContent 저장 로직 고도화,2026-03-06,2026,Sprint TIL,Codeit Sprint | Codeit Sprint TIL,/categories/codeit-sprint/sprint-til/sprint-til042,기본값,false,single-editorial,true,true,기본값,false,기본값,기본값,기본값,true,false,3,6,6,0,15,false,0,0,0,0,0,0,3,3,0,,true,0,0,0,0,true,br | img,false,,,,"H1 3개; 고정 너비 이미지; 단순 inline HTML (br, img)",🟢 바로 적용 후보,호환성 위험 요소 없음,GitHub Pages 배포 검증 완료 상태 유지,새 레이아웃 배포 검증 완료
_posts/sprint/sprint-til/2026-03-07-categories-sprint-til043.md,2026-03-07-categories-sprint-til043.md,[TIL 43일 차] Sprint Mission6 - BinaryContent 저장 로직 고도화,2026-03-07,2026,Sprint TIL,Codeit Sprint | Codeit Sprint TIL,/categories/codeit-sprint/sprint-til/sprint-til043,기본값,false,single-editorial,true,true,기본값,false,기본값,기본값,기본값,true,false,3,5,2,0,10,false,1,1,0,0,94,0,1,1,0,,true,0,0,0,0,true,br | img,false,,,,"H1 3개; 고정 너비 이미지; 단순 inline HTML (br, img)",🟢 바로 적용 후보,호환성 위험 요소 없음,GitHub Pages 배포 검증 완료 상태 유지,새 레이아웃 배포 검증 완료
_posts/sprint/sprint-til/2026-03-08-categories-sprint-til044.md,2026-03-08-categories-sprint-til044.md,"[TIL 44일 차] Sprint Mission6 - 페이징과 정렬 구현 및 최적화, 테스트",2026-03-08,2026,Sprint TIL,Codeit Sprint | Codeit Sprint TIL,/categories/codeit-sprint/sprint-til/sprint-til044,기본값,false,single-editorial,true,true,기본값,false,기본값,기본값,기본값,true,false,4,10,7,0,21,false,9,6,0,0,147,0,3,3,0,,true,0,0,0,0,true,br | img,false,,,,"H1 4개; 고정 너비 이미지; 단순 inline HTML (br, img)",🟢 바로 적용 후보,호환성 위험 요소 없음,GitHub Pages 배포 검증 완료 상태 유지,새 레이아웃 배포 검증 완료
_posts/sprint/sprint-til/2026-03-09-categories-sprint-til045.md,2026-03-09-categories-sprint-til045.md,[TIL 45일 차] Sprint Mission6 - Feedback,2026-03-09,2026,Sprint TIL,Codeit Sprint | Codeit Sprint TIL,/categories/codeit-sprint/sprint-til/sprint-til045,기본값,false,single-editorial,true,true,기본값,false,기본값,기본값,기본값,false,false,3,3,6,0,12,false,10,10,0,0,136,0,0,0,0,,false,0,0,0,0,true,br,false,,,,excerpt/description 없음; H1 3개; 단순 inline HTML (br),🟢 바로 적용 후보,호환성 위험 요소 없음,GitHub Pages 배포 검증 완료 상태 유지,새 레이아웃 배포 검증 완료
_posts/sprint/sprint-til/2026-03-20-categories-sprint-til046.md,2026-03-20-categories-sprint-til046.md,[TIL 46일 차] Spring 안정성 높이기,2026-03-20,2026,Sprint TIL,Codeit Sprint | Codeit Sprint TIL,/categories/codeit-sprint/sprint-til/sprint-til046,기본값,false,single-editorial,true,true,기본값,false,기본값,기본값,기본값,true,false,1,2,5,5,8,false,4,4,0,0,58,0,0,0,0,,false,0,0,0,0,true,br | span,false,,,,"단순 inline HTML (br, span)",🟢 바로 적용 후보,호환성 위험 요소 없음,GitHub Pages 배포 검증 완료 상태 유지,새 레이아웃 배포 검증 완료
_posts/sprint/sprint-til/2026-03-23-categories-sprint-til047.md,2026-03-23-categories-sprint-til047.md,[TIL 47일 차] Spring 안정성 높이기,2026-03-23,2026,Sprint TIL,Codeit Sprint | Codeit Sprint TIL,/categories/codeit-sprint/sprint-til/sprint-til047,기본값,false,single-editorial,true,true,기본값,false,기본값,기본값,기본값,true,false,1,6,14,30,21,false,5,5,0,0,86,0,0,0,0,,false,1,0,1,3,true,br | span,false,,,,"단순 inline HTML (br, span)",🟢 바로 적용 후보,호환성 위험 요소 없음,GitHub Pages 배포 검증 완료 상태 유지,새 레이아웃 배포 검증 완료
_posts/sprint/sprint-til/2026-03-24-categories-sprint-til048.md,2026-03-24-categories-sprint-til048.md,[TIL 48일 차] Spring TDD,2026-03-24,2026,Sprint TIL,Codeit Sprint | Codeit Sprint TIL,/categories/codeit-sprint/sprint-til/sprint-til048,기본값,false,single-editorial,true,true,기본값,false,기본값,기본값,기본값,true,false,1,4,12,37,17,false,5,5,0,0,78,0,0,0,0,,false,0,0,0,0,true,br | span,false,,,,"단순 inline HTML (br, span)",🟢 바로 적용 후보,호환성 위험 요소 없음,GitHub Pages 배포 검증 완료 상태 유지,새 레이아웃 배포 검증 완료
_posts/sprint/sprint-til/2026-03-25-categories-sprint-til049-1.md,2026-03-25-categories-sprint-til049-1.md,[TIL 49일 차] Spring TDD,2026-03-25,2026,Sprint TIL,Codeit Sprint | Codeit Sprint TIL,/categories/codeit-sprint/sprint-til/sprint-til049-1,기본값,false,single-editorial,true,true,기본값,false,기본값,기본값,기본값,true,false,1,4,10,28,15,false,2,2,0,0,77,0,0,0,0,,false,1,0,1,3,true,br | span,false,,,,"단순 inline HTML (br, span)",🟢 바로 적용 후보,호환성 위험 요소 없음,GitHub Pages 배포 검증 완료 상태 유지,새 레이아웃 배포 검증 완료
_posts/sprint/sprint-til/2026-03-25-categories-sprint-til049-2.md,2026-03-25-categories-sprint-til049-2.md,[TIL 49일 차] Sprint Mission7 - 환경별 프로파일 분리 및 로그 정책 설정,2026-03-25,2026,Sprint TIL,Codeit Sprint | Codeit Sprint TIL,/categories/codeit-sprint/sprint-til/sprint-til049-2,기본값,false,single-editorial,true,true,기본값,false,기본값,기본값,기본값,true,false,3,2,2,0,7,false,1,0,0,0,0,0,0,0,0,,false,0,0,0,0,true,br,false,,,,H1 3개; 단순 inline HTML (br),🟢 바로 적용 후보,호환성 위험 요소 없음,GitHub Pages 배포 검증 완료 상태 유지,새 레이아웃 배포 검증 완료
_posts/sprint/sprint-til/2026-03-26-categories-sprint-til050.md,2026-03-26-categories-sprint-til050.md,[TIL 50일 차] Sprint Mission7 - 로깅 작성,2026-03-26,2026,Sprint TIL,Codeit Sprint | Codeit Sprint TIL,/categories/codeit-sprint/sprint-til/sprint-til050,기본값,false,single-editorial,true,true,기본값,false,기본값,기본값,기본값,true,false,3,3,4,0,10,false,0,0,0,0,0,0,0,0,0,,false,0,0,0,0,true,br,false,,,,H1 3개; 단순 inline HTML (br),🟢 바로 적용 후보,호환성 위험 요소 없음,GitHub Pages 배포 검증 완료 상태 유지,새 레이아웃 배포 검증 완료
_posts/sprint/sprint-til/2026-03-27-categories-sprint-til051.md,2026-03-27-categories-sprint-til051.md,"[TIL 51일 차] Sprint Mission7 - 예외 처리 고도화, Bean Validation 설정, Actuator 설정",2026-03-27,2026,Sprint TIL,Codeit Sprint | Codeit Sprint TIL,/categories/codeit-sprint/sprint-til/sprint-til051,기본값,false,single-editorial,true,true,기본값,false,기본값,기본값,기본값,true,false,3,4,5,2,12,false,5,5,0,0,103,0,4,4,0,,true,0,0,0,0,true,br | img,false,,,,"H1 3개; 고정 너비 이미지; 단순 inline HTML (br, img)",🟢 바로 적용 후보,호환성 위험 요소 없음,GitHub Pages 배포 검증 완료 상태 유지,새 레이아웃 배포 검증 완료
_posts/sprint/sprint-til/2026-03-30-categories-sprint-til052.md,2026-03-30-categories-sprint-til052.md,[TIL 52일 차] Sprint Mission7 - Service 계층에서 주요 메서드 단위 테스트,2026-03-30,2026,Sprint TIL,Codeit Sprint | Codeit Sprint TIL,/categories/codeit-sprint/sprint-til/sprint-til052,기본값,false,single-editorial,true,true,기본값,false,기본값,기본값,기본값,true,false,3,4,6,5,13,false,8,7,0,0,191,0,0,0,0,,false,0,0,0,0,true,br,false,,,,H1 3개; 단순 inline HTML (br),🟡 화면 확인,긴 코드 줄 191자,GitHub Pages 배포 검증 완료 상태 유지,새 레이아웃 배포 검증 완료
_posts/sprint/sprint-til/2026-03-31-categories-sprint-til053-1.md,2026-03-31-categories-sprint-til053-1.md,"[TIL 53일 차] Docker: 빌드, 배포, 컨테이너 실행하기",2026-03-31,2026,Sprint TIL,Codeit Sprint | Codeit Sprint TIL,/categories/codeit-sprint/sprint-til/sprint-til053-1,기본값,false,single-editorial,true,true,기본값,false,기본값,기본값,기본값,true,false,1,6,11,27,18,false,48,41,0,0,88,0,0,0,0,,false,3,0,3,5,true,br | span,false,,,,"단순 inline HTML (br, span)",🟢 바로 적용 후보,호환성 위험 요소 없음,GitHub Pages 배포 검증 완료 상태 유지,새 레이아웃 배포 검증 완료
_posts/sprint/sprint-til/2026-03-31-categories-sprint-til053-2.md,2026-03-31-categories-sprint-til053-2.md,[TIL 53일 차] Sprint Mission7 - Repository와 Controller 계층에서 주요 메서드 슬라이스 테스트,2026-03-31,2026,Sprint TIL,Codeit Sprint | Codeit Sprint TIL,/categories/codeit-sprint/sprint-til/sprint-til053-2,기본값,false,single-editorial,true,true,기본값,false,기본값,기본값,기본값,true,false,3,2,2,0,7,false,1,0,0,0,0,0,0,0,0,,false,0,0,0,0,true,br,false,,,,H1 3개; 단순 inline HTML (br),🟢 바로 적용 후보,호환성 위험 요소 없음,GitHub Pages 배포 검증 완료 상태 유지,새 레이아웃 배포 검증 완료
_posts/sprint/sprint-til/2026-04-01-categories-sprint-til054-1.md,2026-04-01-categories-sprint-til054-1.md,"[TIL 54일 차]  Docker: 빌드, 배포, 컨테이너 실행하기",2026-04-01,2026,Sprint TIL,Codeit Sprint | Codeit Sprint TIL,/categories/codeit-sprint/sprint-til/sprint-til054-1,기본값,false,single-editorial,true,true,기본값,false,기본값,기본값,기본값,true,false,1,2,2,7,5,false,1,1,0,0,71,0,0,0,0,,false,0,0,0,0,true,br | span,false,,,,"단순 inline HTML (br, span)",🟢 바로 적용 후보,호환성 위험 요소 없음,GitHub Pages 배포 검증 완료 상태 유지,새 레이아웃 배포 검증 완료
_posts/sprint/sprint-til/2026-04-01-categories-sprint-til054-2.md,2026-04-01-categories-sprint-til054-2.md,"[TIL 54일 차]  AWS: 계정 생성부터 S3, RDS 설정",2026-04-01,2026,Sprint TIL,Codeit Sprint | Codeit Sprint TIL,/categories/codeit-sprint/sprint-til/sprint-til054-2,기본값,false,single-editorial,true,true,기본값,false,기본값,기본값,기본값,true,false,1,2,3,8,6,false,1,1,0,0,63,0,0,0,0,,false,0,0,0,0,true,br | span,false,,,,"단순 inline HTML (br, span)",🟢 바로 적용 후보,호환성 위험 요소 없음,GitHub Pages 배포 검증 완료 상태 유지,새 레이아웃 배포 검증 완료
_posts/sprint/sprint-til/2026-04-01-categories-sprint-til054-3.md,2026-04-01-categories-sprint-til054-3.md,[TIL 54일 차] Sprint Mission7 - Controller 계층에서 주요 메서드 슬라이스 테스트,2026-04-01,2026,Sprint TIL,Codeit Sprint | Codeit Sprint TIL,/categories/codeit-sprint/sprint-til/sprint-til054-3,기본값,false,single-editorial,true,true,기본값,false,기본값,기본값,기본값,true,false,3,2,1,0,6,false,1,0,0,0,0,0,0,0,0,,false,0,0,0,0,false,,false,,,,H1 3개,🟢 바로 적용 후보,호환성 위험 요소 없음,GitHub Pages 배포 검증 완료 상태 유지,새 레이아웃 배포 검증 완료
_posts/sprint/sprint-til/2026-04-02-categories-sprint-til055-1.md,2026-04-02-categories-sprint-til055-1.md,"[TIL 55일 차] AWS: 계정 생성부터 S3, RDS 설정",2026-04-02,2026,Sprint TIL,Codeit Sprint | Codeit Sprint TIL,/categories/codeit-sprint/sprint-til/sprint-til055-1,기본값,false,single-editorial,true,true,기본값,false,기본값,기본값,기본값,true,false,1,2,2,5,5,false,2,2,2,0,29,0,0,0,0,,false,0,0,0,0,true,br | span,false,,,,"언어 없는 코드 fence 2개; 단순 inline HTML (br, span)",🟢 바로 적용 후보,호환성 위험 요소 없음,GitHub Pages 배포 검증 완료 상태 유지,새 레이아웃 배포 검증 완료
_posts/sprint/sprint-til/2026-04-02-categories-sprint-til055-2.md,2026-04-02-categories-sprint-til055-2.md,[TIL 55일 차] Sprint Mission7 - Controller 계층에서 주요 메서드 슬라이스 테스트,2026-04-02,2026,Sprint TIL,Codeit Sprint | Codeit Sprint TIL,/categories/codeit-sprint/sprint-til/sprint-til055-2,기본값,false,single-editorial,true,true,기본값,false,기본값,기본값,기본값,true,false,3,2,1,0,6,false,1,0,0,0,0,0,0,0,0,,false,0,0,0,0,false,,false,,,,H1 3개,🟢 바로 적용 후보,호환성 위험 요소 없음,GitHub Pages 배포 검증 완료 상태 유지,새 레이아웃 배포 검증 완료
_posts/sprint/sprint-til/2026-04-03-categories-sprint-til056-1.md,2026-04-03-categories-sprint-til056-1.md,[TIL 56일 차] AWS ECS 로 프로그램 배포하기,2026-04-03,2026,Sprint TIL,Codeit Sprint | Codeit Sprint TIL,/categories/codeit-sprint/sprint-til/sprint-til056-1,기본값,false,single-editorial,true,true,기본값,false,기본값,기본값,기본값,true,false,1,4,6,1,11,false,4,4,0,0,71,0,0,0,0,,false,0,0,0,0,true,br | span,false,,,,"단순 inline HTML (br, span)",🟢 바로 적용 후보,호환성 위험 요소 없음,GitHub Pages 배포 검증 완료 상태 유지,새 레이아웃 배포 검증 완료
_posts/sprint/sprint-til/2026-04-03-categories-sprint-til056-2.md,2026-04-03-categories-sprint-til056-2.md,[TIL 56일 차] Sprint Mission7 - Controller 계층에서 주요 메서드 슬라이스 테스트,2026-04-03,2026,Sprint TIL,Codeit Sprint | Codeit Sprint TIL,/categories/codeit-sprint/sprint-til/sprint-til056-2,기본값,false,single-editorial,true,true,기본값,false,기본값,기본값,기본값,true,false,3,2,1,0,6,false,1,0,0,0,0,0,0,0,0,,false,0,0,0,0,false,,false,,,,H1 3개,🟢 바로 적용 후보,호환성 위험 요소 없음,GitHub Pages 배포 검증 완료 상태 유지,새 레이아웃 배포 검증 완료
_posts/sprint/sprint-til/2026-04-04-categories-sprint-til057.md,2026-04-04-categories-sprint-til057.md,[TIL 57일 차] Sprint Mission7 - MDC를 활용한 로깅 고도화,2026-04-04,2026,Sprint TIL,Codeit Sprint | Codeit Sprint TIL,/categories/codeit-sprint/sprint-til/sprint-til057,기본값,false,single-editorial,true,true,기본값,false,기본값,기본값,기본값,true,false,3,2,1,0,6,false,1,0,0,0,0,0,0,0,0,,false,0,0,0,0,false,,false,,,,H1 3개,🟢 바로 적용 후보,호환성 위험 요소 없음,GitHub Pages 배포 검증 완료 상태 유지,새 레이아웃 배포 검증 완료
_posts/sprint/sprint-til/2026-04-05-categories-sprint-til058.md,2026-04-05-categories-sprint-til058.md,[TIL 58일 차] Sprint Mission7 - 테스트 커버리지 관리,2026-04-05,2026,Sprint TIL,Codeit Sprint | Codeit Sprint TIL,/categories/codeit-sprint/sprint-til/sprint-til058,기본값,false,single-editorial,true,true,기본값,false,기본값,기본값,기본값,true,false,3,3,2,1,8,false,1,1,0,0,34,0,0,0,0,,false,0,0,0,0,false,,false,,,,H1 3개,🟢 바로 적용 후보,호환성 위험 요소 없음,GitHub Pages 배포 검증 완료 상태 유지,새 레이아웃 배포 검증 완료
_posts/sprint/sprint-til/2026-04-06-categories-sprint-til059.md,2026-04-06-categories-sprint-til059.md,[TIL 59일 차] Sprint Mission8 - Dockerfile 작성 및 build 후 테스트,2026-04-06,2026,Sprint TIL,Codeit Sprint | Codeit Sprint TIL,/categories/codeit-sprint/sprint-til/sprint-til059,기본값,false,single-editorial,true,true,기본값,false,기본값,기본값,기본값,true,false,4,6,7,4,17,false,7,6,0,0,90,0,1,1,0,,true,0,0,0,0,true,br | img,false,,,,"H1 4개; 고정 너비 이미지; 단순 inline HTML (br, img)",🟢 바로 적용 후보,호환성 위험 요소 없음,GitHub Pages 배포 검증 완료 상태 유지,새 레이아웃 배포 검증 완료
_posts/sprint/sprint-til/2026-04-07-categories-sprint-til060.md,2026-04-07-categories-sprint-til060.md,[TIL 60일 차] Sprint Mission8 - Docker Compose 구성 및 BinaryContentStorage 고도화,2026-04-07,2026,Sprint TIL,Codeit Sprint | Codeit Sprint TIL,/categories/codeit-sprint/sprint-til/sprint-til060,기본값,false,single-editorial,true,true,기본값,false,기본값,기본값,기본값,true,false,4,7,4,7,15,false,12,12,2,0,128,0,1,1,0,,true,0,0,0,0,true,br | img,false,,,,"H1 4개; 언어 없는 코드 fence 2개; 고정 너비 이미지; 단순 inline HTML (br, img)",🟢 바로 적용 후보,호환성 위험 요소 없음,GitHub Pages 배포 검증 완료 상태 유지,새 레이아웃 배포 검증 완료
_posts/sprint/sprint-til/2026-04-08-categories-sprint-til061.md,2026-04-08-categories-sprint-til061.md,[TIL 61일 차] Sprint Mission8 - BinaryContentStroage 고도화 및 AWS RDS 구성,2026-04-08,2026,Sprint TIL,Codeit Sprint | Codeit Sprint TIL,/categories/codeit-sprint/sprint-til/sprint-til061,기본값,false,single-editorial,true,true,기본값,false,기본값,기본값,기본값,true,false,3,2,2,2,7,false,2,1,0,0,86,0,3,3,0,,true,0,0,0,0,true,img,false,,,,H1 3개; 고정 너비 이미지; 단순 inline HTML (img),🟢 바로 적용 후보,호환성 위험 요소 없음,GitHub Pages 배포 검증 완료 상태 유지,새 레이아웃 배포 검증 완료
_posts/sprint/sprint-til/2026-04-09-categories-sprint-til062.md,2026-04-09-categories-sprint-til062.md,"[TIL 62일 차] Sprint Mission8 - AWS ECR, ECS 구성 및 CI 파이프라인 구축",2026-04-09,2026,Sprint TIL,Codeit Sprint | Codeit Sprint TIL,/categories/codeit-sprint/sprint-til/sprint-til062,기본값,false,single-editorial,true,true,기본값,false,기본값,기본값,기본값,true,false,3,5,5,4,13,false,8,6,0,0,118,0,3,3,0,,true,0,0,0,0,true,br | img,false,,,,"H1 3개; 고정 너비 이미지; 단순 inline HTML (br, img)",🟢 바로 적용 후보,호환성 위험 요소 없음,GitHub Pages 배포 검증 완료 상태 유지,새 레이아웃 배포 검증 완료
_posts/sprint/sprint-til/2026-04-10-categories-sprint-til063.md,2026-04-10-categories-sprint-til063.md,[TIL 63일 차] Sprint Mission8 - CD 구축,2026-04-10,2026,Sprint TIL,Codeit Sprint | Codeit Sprint TIL,/categories/codeit-sprint/sprint-til/sprint-til063,기본값,false,single-editorial,true,true,기본값,false,기본값,기본값,기본값,true,false,3,3,2,6,8,false,7,7,0,0,118,0,0,0,0,,false,0,0,0,0,false,,false,,,,H1 3개,🟢 바로 적용 후보,호환성 위험 요소 없음,GitHub Pages 배포 검증 완료 상태 유지,새 레이아웃 배포 검증 완료
_posts/sprint/sprint-til/2026-05-08-categories-sprint-til064.md,2026-05-08-categories-sprint-til064.md,[TIL 64일 차] 유저 관리 기능,2026-05-08,2026,Sprint TIL,Codeit Sprint | Codeit Sprint TIL,/categories/codeit-sprint/sprint-til/sprint-til064,기본값,false,single-editorial,true,true,기본값,false,기본값,기본값,기본값,true,false,2,6,18,0,26,false,10,7,4,0,82,0,8,8,0,,true,2,0,2,3,true,br | img | span,false,,,,"H1 2개; 언어 없는 코드 fence 4개; 고정 너비 이미지; 단순 inline HTML (br, img, span)",🟢 바로 적용 후보,호환성 위험 요소 없음,GitHub Pages 배포 검증 완료 상태 유지,새 레이아웃 배포 검증 완료
_posts/sprint/sprint-til/2026-05-11-categories-sprint-til065-1.md,2026-05-11-categories-sprint-til065-1.md,[TIL 65-1일 차] 유저 관리 기능,2026-05-11,2026,Sprint TIL,Codeit Sprint | Codeit Sprint TIL,/categories/codeit-sprint/sprint-til/sprint-til065-1,기본값,false,single-editorial,true,true,기본값,false,기본값,기본값,기본값,true,false,2,7,24,19,33,false,5,5,3,0,59,0,4,4,0,,true,3,0,3,3,true,br | img | span,false,,,,"H1 2개; 언어 없는 코드 fence 3개; 고정 너비 이미지; 단순 inline HTML (br, img, span)",🟡 화면 확인,목차 대상 heading 33개,GitHub Pages 배포 검증 완료 상태 유지,새 레이아웃 배포 검증 완료
_posts/sprint/sprint-til/2026-05-11-categories-sprint-til065-2.md,2026-05-11-categories-sprint-til065-2.md,[TIL 65-2일 차] 유저 관리 기능,2026-05-11,2026,Sprint TIL,Codeit Sprint | Codeit Sprint TIL,/categories/codeit-sprint/sprint-til/sprint-til065-2,기본값,false,single-editorial,true,true,기본값,false,기본값,기본값,기본값,true,false,2,7,22,14,31,false,0,0,0,0,0,0,7,7,0,,true,4,0,4,6,true,br | img | span,false,,,,"H1 2개; 고정 너비 이미지; 단순 inline HTML (br, img, span)",🟡 화면 확인,목차 대상 heading 31개; 넓은/HTML 표 (최대 6열),GitHub Pages 배포 검증 완료 상태 유지,새 레이아웃 배포 검증 완료
_posts/sprint/sprint-til/2026-05-11-categories-sprint-til065-3.md,2026-05-11-categories-sprint-til065-3.md,[TIL 65-3일 차] Spring Security 기초,2026-05-11,2026,Sprint TIL,Codeit Sprint | Codeit Sprint TIL,/categories/codeit-sprint/sprint-til/sprint-til065-3,기본값,false,single-editorial,true,true,기본값,false,기본값,기본값,기본값,true,false,1,2,5,4,8,false,2,2,2,0,34,0,0,0,0,,false,1,0,1,2,true,br | span,false,,,,"언어 없는 코드 fence 2개; 단순 inline HTML (br, span)",🟢 바로 적용 후보,호환성 위험 요소 없음,GitHub Pages 배포 검증 완료 상태 유지,새 레이아웃 배포 검증 완료
_posts/sprint/sprint-til/2026-05-12-categories-sprint-til066-1.md,2026-05-12-categories-sprint-til066-1.md,[TIL 66-1일 차] Spring Security 기초,2026-05-12,2026,Sprint TIL,Codeit Sprint | Codeit Sprint TIL,/categories/codeit-sprint/sprint-til/sprint-til066-1,기본값,false,single-editorial,true,true,기본값,false,기본값,기본값,기본값,true,false,2,6,21,11,29,false,2,2,1,0,62,0,7,7,0,,true,0,0,0,0,true,br | img | span,false,,,,"H1 2개; 언어 없는 코드 fence 1개; 고정 너비 이미지; 단순 inline HTML (br, img, span)",🟢 바로 적용 후보,호환성 위험 요소 없음,GitHub Pages 배포 검증 완료 상태 유지,새 레이아웃 배포 검증 완료
_posts/sprint/sprint-til/2026-05-13-categories-sprint-til066-2.md,2026-05-13-categories-sprint-til066-2.md,[TIL 66-2일 차] Spring Security 기초,2026-05-13,2026,Sprint TIL,Codeit Sprint | Codeit Sprint TIL,/categories/codeit-sprint/sprint-til/sprint-til066-2,기본값,false,single-editorial,true,true,기본값,false,기본값,기본값,기본값,true,false,1,5,12,8,18,false,10,10,1,0,102,0,2,2,0,,true,1,0,1,3,true,br | img | span,false,,,,"언어 없는 코드 fence 1개; 고정 너비 이미지; 단순 inline HTML (br, img, span)",🟢 바로 적용 후보,호환성 위험 요소 없음,GitHub Pages 배포 검증 완료 상태 유지,새 레이아웃 배포 검증 완료
_posts/sprint/sprint-til/2026-05-13-categories-sprint-til066-3.md,2026-05-13-categories-sprint-til066-3.md,[TIL 66-3일 차] Spring Security 기초,2026-05-13,2026,Sprint TIL,Codeit Sprint | Codeit Sprint TIL,/categories/codeit-sprint/sprint-til/sprint-til066-3,기본값,false,single-editorial,true,true,기본값,false,기본값,기본값,기본값,true,false,2,6,12,11,20,false,3,3,0,0,106,0,4,4,0,,true,0,0,0,0,true,br | img | span,false,,,,"H1 2개; 고정 너비 이미지; 단순 inline HTML (br, img, span)",🟢 바로 적용 후보,호환성 위험 요소 없음,GitHub Pages 배포 검증 완료 상태 유지,새 레이아웃 배포 검증 완료
_posts/sprint/sprint-til/2026-05-14-categories-sprint-til067-1.md,2026-05-14-categories-sprint-til067-1.md,[TIL 67-1일 차] Spring Security 쿠키/세션 기반 인증/인가,2026-05-14,2026,Sprint TIL,Codeit Sprint | Codeit Sprint TIL,/categories/codeit-sprint/sprint-til/sprint-til067-1,기본값,false,single-editorial,true,true,기본값,false,기본값,기본값,기본값,true,false,3,8,19,13,30,false,4,4,0,0,72,0,6,6,0,,true,0,0,0,0,true,br | img,false,,,,"H1 3개; 고정 너비 이미지; 단순 inline HTML (br, img)",🟢 바로 적용 후보,호환성 위험 요소 없음,이미 배포 검증한 기준선 글로 유지,기준선 배포 검증 완료
_posts/sprint/sprint-til/2026-05-14-categories-sprint-til067-2.md,2026-05-14-categories-sprint-til067-2.md,[TIL 67-2일 차] Spring Security 쿠키/세션 기반 인증/인가,2026-05-14,2026,Sprint TIL,Codeit Sprint | Codeit Sprint TIL,/categories/codeit-sprint/sprint-til/sprint-til067-2,기본값,false,single-editorial,true,true,기본값,false,기본값,기본값,기본값,true,false,3,11,15,11,29,false,6,6,1,0,118,0,5,5,0,,true,0,0,0,0,true,br | img | span,false,,,,"H1 3개; 언어 없는 코드 fence 1개; 고정 너비 이미지; 단순 inline HTML (br, img, span)",🟢 바로 적용 후보,호환성 위험 요소 없음,GitHub Pages 배포 검증 완료 상태 유지,새 레이아웃 배포 검증 완료
_posts/sprint/sprint-til/2026-05-15-categories-sprint-til068.md,2026-05-15-categories-sprint-til068.md,[TIL 68일 차] Sprint Mission9,2026-05-15,2026,Sprint TIL,Codeit Sprint | Codeit Sprint TIL,/categories/codeit-sprint/sprint-til/sprint-til068,기본값,false,single-editorial,true,true,기본값,false,기본값,기본값,기본값,true,false,4,5,3,2,12,false,2,2,0,0,94,0,2,2,0,,true,0,0,0,0,true,br | img,false,,,,"H1 4개; 고정 너비 이미지; 단순 inline HTML (br, img)",🟢 바로 적용 후보,호환성 위험 요소 없음,GitHub Pages 배포 검증 완료 상태 유지,새 레이아웃 배포 검증 완료
_posts/sprint/sprint-til/2026-05-16-categories-sprint-til069.md,2026-05-16-categories-sprint-til069.md,[TIL 69일 차] Sprint Mission9,2026-05-16,2026,Sprint TIL,Codeit Sprint | Codeit Sprint TIL,/categories/codeit-sprint/sprint-til/sprint-til069,기본값,false,single-editorial,true,true,기본값,false,기본값,기본값,기본값,true,false,3,2,2,0,7,false,4,2,0,0,43,0,1,1,0,,true,0,0,0,0,true,img,false,,,,H1 3개; 고정 너비 이미지; 단순 inline HTML (img),🟢 바로 적용 후보,호환성 위험 요소 없음,GitHub Pages 배포 검증 완료 상태 유지,새 레이아웃 배포 검증 완료
_posts/sprint/sprint-til/2026-05-18-categories-sprint-til070.md,2026-05-18-categories-sprint-til070.md,[TIL 70일 차] Sprint Mission9,2026-05-18,2026,Sprint TIL,Codeit Sprint | Codeit Sprint TIL,/categories/codeit-sprint/sprint-til/sprint-til070,기본값,false,single-editorial,true,true,기본값,false,기본값,기본값,기본값,true,false,3,3,6,0,12,false,8,3,0,0,90,0,2,2,0,,true,0,0,0,0,true,img,false,,,,H1 3개; 고정 너비 이미지; 단순 inline HTML (img),🟢 바로 적용 후보,호환성 위험 요소 없음,GitHub Pages 배포 검증 완료 상태 유지,새 레이아웃 배포 검증 완료
_posts/sprint/sprint-til/2026-05-19-categories-sprint-til071.md,2026-05-19-categories-sprint-til071.md,[TIL 71일 차] Sprint Mission9,2026-05-19,2026,Sprint TIL,Codeit Sprint | Codeit Sprint TIL,/categories/codeit-sprint/sprint-til/sprint-til071,기본값,false,single-editorial,true,true,기본값,false,기본값,기본값,기본값,true,false,3,4,4,0,11,false,11,8,0,0,105,0,0,0,0,,false,0,0,0,0,true,br,false,,,,H1 3개; 단순 inline HTML (br),🟢 바로 적용 후보,호환성 위험 요소 없음,GitHub Pages 배포 검증 완료 상태 유지,새 레이아웃 배포 검증 완료
_posts/sprint/sprint-til/2026-05-20-categories-sprint-til072.md,2026-05-20-categories-sprint-til072.md,[TIL 72일 차] Sprint Mission9,2026-05-20,2026,Sprint TIL,Codeit Sprint | Codeit Sprint TIL,/categories/codeit-sprint/sprint-til/sprint-til072,기본값,false,single-editorial,true,true,기본값,false,기본값,기본값,기본값,true,false,3,2,3,0,8,false,2,1,0,0,64,0,2,2,0,,true,0,0,0,0,true,img,false,,,,H1 3개; 고정 너비 이미지; 단순 inline HTML (img),🟢 바로 적용 후보,호환성 위험 요소 없음,GitHub Pages 배포 검증 완료 상태 유지,새 레이아웃 배포 검증 완료
_posts/sprint/sprint-til/2026-05-21-categories-sprint-til073.md,2026-05-21-categories-sprint-til073.md,[TIL 73일 차] Spring Security 토큰 기반 인증/인가,2026-05-21,2026,Sprint TIL,Codeit Sprint | Codeit Sprint TIL,/categories/codeit-sprint/sprint-til/sprint-til073,기본값,false,single-editorial,true,true,기본값,false,기본값,기본값,기본값,true,false,2,7,20,21,29,false,3,3,0,0,87,0,11,11,0,,true,3,0,3,6,true,br | img | span,false,,,,"H1 2개; 고정 너비 이미지; 단순 inline HTML (br, img, span)",🟡 화면 확인,넓은/HTML 표 (최대 6열),GitHub Pages 배포 검증 완료 상태 유지,새 레이아웃 배포 검증 완료
_posts/sprint/sprint-til/2026-05-22-categories-sprint-til074.md,2026-05-22-categories-sprint-til074.md,[TIL 74일 차] Spring Security 토큰 기반 인증/인가,2026-05-22,2026,Sprint TIL,Codeit Sprint | Codeit Sprint TIL,/categories/codeit-sprint/sprint-til/sprint-til074,기본값,false,single-editorial,true,true,기본값,false,기본값,기본값,기본값,true,false,1,2,6,1,9,false,0,0,0,0,0,0,1,1,0,,true,1,0,1,3,true,br | img | span,false,,,,"고정 너비 이미지; 단순 inline HTML (br, img, span)",🟢 바로 적용 후보,호환성 위험 요소 없음,GitHub Pages 배포 검증 완료 상태 유지,새 레이아웃 배포 검증 완료
_posts/sprint/sprint-til/2026-05-23-categories-sprint-til075.md,2026-05-23-categories-sprint-til075.md,[TIL 75일 차] Sprint Mission10,2026-05-23,2026,Sprint TIL,Codeit Sprint | Codeit Sprint TIL,/categories/codeit-sprint/sprint-til/sprint-til075,기본값,false,single-editorial,true,true,기본값,false,기본값,기본값,기본값,true,false,3,4,7,0,14,false,9,5,0,0,93,0,3,3,0,,true,0,0,0,0,true,img,false,,,,H1 3개; 고정 너비 이미지; 단순 inline HTML (img),🟢 바로 적용 후보,호환성 위험 요소 없음,GitHub Pages 배포 검증 완료 상태 유지,새 레이아웃 배포 검증 완료
_posts/sprint/sprint-til/2026-05-26-categories-sprint-til076.md,2026-05-26-categories-sprint-til076.md,[TIL 76일 차] Sprint Mission10,2026-05-26,2026,Sprint TIL,Codeit Sprint | Codeit Sprint TIL,/categories/codeit-sprint/sprint-til/sprint-til076,기본값,false,single-editorial,true,true,기본값,false,기본값,기본값,기본값,true,false,3,2,1,0,6,false,4,1,0,0,96,0,1,1,0,,true,0,0,0,0,true,img,false,,,,H1 3개; 고정 너비 이미지; 단순 inline HTML (img),🟢 바로 적용 후보,호환성 위험 요소 없음,GitHub Pages 배포 검증 완료 상태 유지,새 레이아웃 배포 검증 완료
_posts/sprint/sprint-til/2026-05-27-categories-sprint-til077-1.md,2026-05-27-categories-sprint-til077-1.md,[TIL 77-1일 차] Java 비동기 처리하기,2026-05-27,2026,Sprint TIL,Codeit Sprint | Codeit Sprint TIL,/categories/codeit-sprint/sprint-til/sprint-til077-1,기본값,false,single-editorial,true,true,기본값,false,기본값,기본값,기본값,true,false,2,6,14,21,22,false,3,1,1,0,33,0,2,2,0,,true,1,0,1,3,true,br | img | span,false,,,,"H1 2개; 언어 없는 코드 fence 1개; 고정 너비 이미지; 단순 inline HTML (br, img, span)",🟢 바로 적용 후보,호환성 위험 요소 없음,GitHub Pages 배포 검증 완료 상태 유지,새 레이아웃 배포 검증 완료
_posts/sprint/sprint-til/2026-05-27-categories-sprint-til077-2.md,2026-05-27-categories-sprint-til077-2.md,[TIL 77-2일 차] Java 비동기 처리하기,2026-05-27,2026,Sprint TIL,Codeit Sprint | Codeit Sprint TIL,/categories/codeit-sprint/sprint-til/sprint-til077-2,기본값,false,single-editorial,true,true,기본값,false,기본값,기본값,기본값,true,false,2,7,16,12,25,false,3,3,0,0,51,0,1,1,0,,true,0,0,0,0,true,br | img | span,false,,,,"H1 2개; 고정 너비 이미지; 단순 inline HTML (br, img, span)",🟢 바로 적용 후보,호환성 위험 요소 없음,GitHub Pages 배포 검증 완료 상태 유지,새 레이아웃 배포 검증 완료
_posts/sprint/sprint-til/2026-05-27-categories-sprint-til077-3.md,2026-05-27-categories-sprint-til077-3.md,[TIL 77-3일 차] Java 비동기 처리하기,2026-05-27,2026,Sprint TIL,Codeit Sprint | Codeit Sprint TIL,/categories/codeit-sprint/sprint-til/sprint-til077-3,기본값,false,single-editorial,true,true,기본값,false,기본값,기본값,기본값,true,false,1,4,8,5,13,false,5,5,0,0,80,0,2,2,0,,true,0,0,0,0,true,br | img | span,false,,,,"고정 너비 이미지; 단순 inline HTML (br, img, span)",🟢 바로 적용 후보,호환성 위험 요소 없음,GitHub Pages 배포 검증 완료 상태 유지,새 레이아웃 배포 검증 완료
_posts/sprint/sprint-til/2026-05-27-categories-sprint-til077-4.md,2026-05-27-categories-sprint-til077-4.md,[TIL 77-4일 차] Java 비동기 처리하기,2026-05-27,2026,Sprint TIL,Codeit Sprint | Codeit Sprint TIL,/categories/codeit-sprint/sprint-til/sprint-til077-4,기본값,false,single-editorial,true,true,기본값,false,기본값,기본값,기본값,true,false,2,7,23,3,32,false,9,9,0,0,103,0,0,0,0,,false,0,0,0,0,true,br | span,false,,,,"H1 2개; 단순 inline HTML (br, span)",🟡 화면 확인,목차 대상 heading 32개,GitHub Pages 배포 검증 완료 상태 유지,새 레이아웃 배포 검증 완료
_posts/sprint/sprint-til/2026-05-28-categories-sprint-til078-1.md,2026-05-28-categories-sprint-til078-1.md,[TIL 78-1일 차] Spring 비동기 처리하기,2026-05-28,2026,Sprint TIL,Codeit Sprint | Codeit Sprint TIL,/categories/codeit-sprint/sprint-til/sprint-til078-1,기본값,false,single-editorial,true,true,기본값,false,기본값,기본값,기본값,true,false,2,7,17,22,26,false,4,4,0,0,88,0,0,0,0,,false,0,0,0,0,true,span,false,,,,H1 2개; 단순 inline HTML (span),🟢 바로 적용 후보,호환성 위험 요소 없음,GitHub Pages 배포 검증 완료 상태 유지,새 레이아웃 배포 검증 완료
_posts/sprint/sprint-til/2026-05-28-categories-sprint-til078-2.md,2026-05-28-categories-sprint-til078-2.md,[TIL 78-2일 차] Spring 비동기 처리하기,2026-05-28,2026,Sprint TIL,Codeit Sprint | Codeit Sprint TIL,/categories/codeit-sprint/sprint-til/sprint-til078-2,기본값,false,single-editorial,true,true,기본값,false,기본값,기본값,기본값,true,false,2,9,28,13,39,false,13,13,3,0,88,0,1,1,0,,true,0,0,0,0,true,br | img | span,false,,,,"H1 2개; 언어 없는 코드 fence 3개; 고정 너비 이미지; 단순 inline HTML (br, img, span)",🟡 화면 확인,목차 대상 heading 39개,GitHub Pages 배포 검증 완료 상태 유지,새 레이아웃 배포 검증 완료
_posts/sprint/sprint-til/2026-05-28-categories-sprint-til078-3.md,2026-05-28-categories-sprint-til078-3.md,[TIL 78-3일 차] Spring 비동기 처리하기,2026-05-28,2026,Sprint TIL,Codeit Sprint | Codeit Sprint TIL,/categories/codeit-sprint/sprint-til/sprint-til078-3,기본값,false,single-editorial,true,true,기본값,false,기본값,기본값,기본값,true,false,3,10,30,21,43,false,10,10,2,0,97,0,0,0,0,,false,0,0,0,0,true,br | span,false,,,,"H1 3개; 언어 없는 코드 fence 2개; 단순 inline HTML (br, span)",🟡 화면 확인,목차 대상 heading 43개,GitHub Pages 배포 검증 완료 상태 유지,새 레이아웃 배포 검증 완료
_posts/sprint/sprint-til/2026-05-29-categories-sprint-til079.md,2026-05-29-categories-sprint-til079.md,[TIL 79일 차] Spring Cache,2026-05-29,2026,Sprint TIL,Codeit Sprint | Codeit Sprint TIL,/categories/codeit-sprint/sprint-til/sprint-til079,기본값,false,single-editorial,true,true,기본값,false,기본값,기본값,기본값,true,false,2,6,20,25,28,false,2,2,2,0,40,0,3,3,0,,true,0,0,0,0,true,br | img | span,false,,,,"H1 2개; 언어 없는 코드 fence 2개; 고정 너비 이미지; 단순 inline HTML (br, img, span)",🟢 바로 적용 후보,호환성 위험 요소 없음,GitHub Pages 배포 검증 완료 상태 유지,새 레이아웃 배포 검증 완료
_posts/sprint/sprint-til/2026-06-01-categories-sprint-til080.md,2026-06-01-categories-sprint-til080.md,[TIL 80일 차] Spring Cache,2026-06-01,2026,Sprint TIL,Codeit Sprint | Codeit Sprint TIL,/categories/codeit-sprint/sprint-til/sprint-til080,기본값,false,single-editorial,true,true,기본값,false,기본값,기본값,기본값,true,false,1,3,7,14,11,false,0,0,0,0,0,0,0,0,0,,false,1,0,1,2,true,br | span,false,,,,"단순 inline HTML (br, span)",🟢 바로 적용 후보,호환성 위험 요소 없음,GitHub Pages 배포 검증 완료 상태 유지,새 레이아웃 배포 검증 완료
_posts/sprint/sprint-til/2026-06-03-categories-sprint-til081.md,2026-06-03-categories-sprint-til081.md,[TIL 81일 차] Sprint Mission11,2026-06-03,2026,Sprint TIL,Codeit Sprint | Codeit Sprint TIL,/categories/codeit-sprint/sprint-til/sprint-til081,기본값,false,single-editorial,true,true,기본값,false,기본값,기본값,기본값,true,false,2,1,4,0,7,false,9,0,0,0,0,0,11,11,0,,true,0,0,0,0,true,img,false,,,,H1 2개; 고정 너비 이미지; 단순 inline HTML (img),🟢 바로 적용 후보,호환성 위험 요소 없음,GitHub Pages 배포 검증 완료 상태 유지,새 레이아웃 배포 검증 완료
_posts/sprint/sprint-til/2026-06-08-categories-sprint-til082.md,2026-06-08-categories-sprint-til082.md,[TIL 82일 차] Sprint Mission11,2026-06-08,2026,Sprint TIL,Codeit Sprint | Codeit Sprint TIL,/categories/codeit-sprint/sprint-til/sprint-til082,기본값,false,single-editorial,true,true,기본값,false,기본값,기본값,기본값,true,false,3,3,3,0,9,false,5,0,0,0,0,0,0,0,0,,false,0,0,0,0,false,,false,,,,H1 3개,🟢 바로 적용 후보,호환성 위험 요소 없음,GitHub Pages 배포 검증 완료 상태 유지,새 레이아웃 배포 검증 완료
_posts/sprint/sprint-til/2026-06-09-categories-sprint-til083.md,2026-06-09-categories-sprint-til083.md,[TIL 83일 차] Sprint Mission11,2026-06-09,2026,Sprint TIL,Codeit Sprint | Codeit Sprint TIL,/categories/codeit-sprint/sprint-til/sprint-til083,기본값,false,single-editorial,true,true,기본값,false,기본값,기본값,기본값,true,false,3,2,2,0,7,false,5,0,0,0,0,0,1,1,0,,true,0,0,0,0,true,img,false,,,,H1 3개; 고정 너비 이미지; 단순 inline HTML (img),🟢 바로 적용 후보,호환성 위험 요소 없음,GitHub Pages 배포 검증 완료 상태 유지,새 레이아웃 배포 검증 완료
_posts/sprint/sprint-til/2026-06-13-categories-sprint-til084.md,2026-06-13-categories-sprint-til084.md,[TIL 84일 차] Sprint Mission11,2026-06-13,2026,Sprint TIL,Codeit Sprint | Codeit Sprint TIL,/categories/codeit-sprint/sprint-til/sprint-til084,기본값,false,single-editorial,true,true,기본값,false,기본값,기본값,기본값,true,false,3,2,1,0,6,false,5,0,0,0,0,0,0,0,0,,false,0,0,0,0,false,,false,,,,H1 3개,🟢 바로 적용 후보,호환성 위험 요소 없음,GitHub Pages 배포 검증 완료 상태 유지,새 레이아웃 배포 검증 완료
_posts/sprint/sprint-til/2026-06-15-categories-sprint-til085.md,2026-06-15-categories-sprint-til085.md,[TIL 85일 차] Sprint Mission12,2026-06-15,2026,Sprint TIL,Codeit Sprint | Codeit Sprint TIL,/categories/codeit-sprint/sprint-til/sprint-til085,기본값,false,single-editorial,true,true,기본값,false,기본값,기본값,기본값,true,false,3,2,2,0,7,false,9,0,0,0,0,0,0,0,0,,false,0,0,0,0,false,,false,,,,H1 3개,🟢 바로 적용 후보,호환성 위험 요소 없음,GitHub Pages 배포 검증 완료 상태 유지,새 레이아웃 배포 검증 완료
_posts/sprint/sprint-til/2026-06-16-categories-sprint-til086.md,2026-06-16-categories-sprint-til086.md,[TIL 86일 차] Sprint Mission12,2026-06-16,2026,Sprint TIL,Codeit Sprint | Codeit Sprint TIL,/categories/codeit-sprint/sprint-til/sprint-til086,기본값,false,single-editorial,true,true,기본값,false,기본값,기본값,기본값,true,false,3,2,1,0,6,false,0,0,0,0,0,0,0,0,0,,false,4,0,4,2,false,,false,,,,H1 3개,🟢 바로 적용 후보,호환성 위험 요소 없음,GitHub Pages 배포 검증 완료 상태 유지,새 레이아웃 배포 검증 완료
_posts/sprint/sprint-til/2026-06-17-categories-sprint-til087.md,2026-06-17-categories-sprint-til087.md,[TIL 87일 차] Sprint Mission12,2026-06-17,2026,Sprint TIL,Codeit Sprint | Codeit Sprint TIL,/categories/codeit-sprint/sprint-til/sprint-til087,기본값,false,single-editorial,true,true,기본값,false,기본값,기본값,기본값,true,false,3,3,1,0,7,false,5,5,0,0,102,0,2,2,0,,true,0,0,0,0,true,img,false,,,,H1 3개; 고정 너비 이미지; 단순 inline HTML (img),🟢 바로 적용 후보,호환성 위험 요소 없음,GitHub Pages 배포 검증 완료 상태 유지,새 레이아웃 배포 검증 완료
_posts/sprint/sprint-til/2026-06-18-categories-sprint-til088.md,2026-06-18-categories-sprint-til088.md,[TIL 88일 차] Sprint Mission12,2026-06-18,2026,Sprint TIL,Codeit Sprint | Codeit Sprint TIL,/categories/codeit-sprint/sprint-til/sprint-til088,기본값,false,single-editorial,true,true,기본값,false,기본값,기본값,기본값,true,false,4,2,1,0,7,false,7,0,0,0,0,0,0,0,0,,false,0,0,0,0,false,,false,,,,H1 4개,🟢 바로 적용 후보,호환성 위험 요소 없음,GitHub Pages 배포 검증 완료 상태 유지,새 레이아웃 배포 검증 완료
_posts/sprint/sprint-til/2026-06-20-categories-sprint-til089.md,2026-06-20-categories-sprint-til089.md,[TIL 89일 차] Sprint Mission12,2026-06-20,2026,Sprint TIL,Codeit Sprint | Codeit Sprint TIL,/categories/codeit-sprint/sprint-til/sprint-til089,false,false,single-editorial,true,true,기본값,false,기본값,기본값,기본값,true,false,4,8,1,0,13,false,4,0,0,0,0,1,0,1,0,,false,0,0,0,0,false,,false,,,,H1 4개,🟢 바로 적용 후보,호환성 위험 요소 없음,사용자 결정: 전환 대상 제외,공개·전환 대상 제외
_posts/sprint/sprint-weekly-paper/2026-01-01-categories-weekly-paper000.md,2026-01-01-categories-weekly-paper000.md,위클리페이퍼00: Template,2026-01-01,2026,Sprint Weekly Paper,Codeit Sprint | Codeit Sprint Weekly Paper,/categories/codeit-sprint/sprint-weekly-paper/weekly-paper000,false,true,single-editorial,true,true,기본값,false,기본값,기본값,기본값,false,false,0,5,10,0,15,false,0,0,0,0,0,0,0,0,0,,false,0,0,0,0,true,br,false,,,,excerpt/description 없음; 단순 inline HTML (br),🟢 바로 적용 후보,호환성 위험 요소 없음,사용자 결정: 전환 대상 제외,공개·전환 대상 제외
_posts/sprint/sprint-weekly-paper/2026-01-02-categories-weekly-paper001.md,2026-01-02-categories-weekly-paper001.md,위클리페이퍼01: Git을 통한 버전 관리,2026-01-02,2026,Sprint Weekly Paper,Codeit Sprint | Codeit Sprint Weekly Paper,/categories/codeit-sprint/sprint-weekly-paper/weekly-paper001,기본값,false,single-editorial,true,true,기본값,false,기본값,기본값,기본값,false,false,0,2,4,4,6,false,0,0,0,0,0,0,3,3,0,,true,0,0,0,0,true,br | img,false,,,,"excerpt/description 없음; 고정 너비 이미지; 단순 inline HTML (br, img)",🟢 바로 적용 후보,호환성 위험 요소 없음,GitHub Pages 배포 검증 완료 상태 유지,새 레이아웃 배포 검증 완료
_posts/sprint/sprint-weekly-paper/2026-01-11-categories-weekly-paper002.md,2026-01-11-categories-weekly-paper002.md,위클리페이퍼02: Java 고급 과정,2026-01-11,2026,Sprint Weekly Paper,Codeit Sprint | Codeit Sprint Weekly Paper,/categories/codeit-sprint/sprint-weekly-paper/weekly-paper002,기본값,false,single-editorial,true,true,기본값,false,기본값,기본값,기본값,false,false,0,2,4,4,6,false,10,10,0,0,76,0,1,1,0,,true,0,0,0,0,true,br | img,false,,,,"excerpt/description 없음; 고정 너비 이미지; 단순 inline HTML (br, img)",🟢 바로 적용 후보,호환성 위험 요소 없음,GitHub Pages 배포 검증 완료 상태 유지,새 레이아웃 배포 검증 완료
_posts/sprint/sprint-weekly-paper/2026-01-19-categories-weekly-paper003.md,2026-01-19-categories-weekly-paper003.md,위클리페이퍼03: 알고리즘과 자료 구조,2026-01-19,2026,Sprint Weekly Paper,Codeit Sprint | Codeit Sprint Weekly Paper,/categories/codeit-sprint/sprint-weekly-paper/weekly-paper003,기본값,false,single-editorial,true,true,기본값,false,기본값,기본값,기본값,false,false,0,2,4,6,6,false,0,0,0,0,0,0,0,0,0,,false,0,0,0,0,true,br,false,,,,excerpt/description 없음; 단순 inline HTML (br),🟢 바로 적용 후보,호환성 위험 요소 없음,GitHub Pages 배포 검증 완료 상태 유지,새 레이아웃 배포 검증 완료
_posts/sprint/sprint-weekly-paper/2026-01-26-categories-weekly-paper004-1.md,2026-01-26-categories-weekly-paper004-1.md,위클리페이퍼04-1: Spring과 Spring Boot,2026-01-26,2026,Sprint Weekly Paper,Codeit Sprint | Codeit Sprint Weekly Paper,/categories/codeit-sprint/sprint-weekly-paper/weekly-paper004-1,기본값,false,single-editorial,true,true,기본값,false,기본값,기본값,기본값,false,false,0,2,4,9,6,false,0,0,0,0,0,0,0,0,0,,false,0,0,0,0,true,br,false,,,,excerpt/description 없음; 단순 inline HTML (br),🟢 바로 적용 후보,호환성 위험 요소 없음,GitHub Pages 배포 검증 완료 상태 유지,새 레이아웃 배포 검증 완료
_posts/sprint/sprint-weekly-paper/2026-02-02-categories-weekly-paper004-2.md,2026-02-02-categories-weekly-paper004-2.md,위클리페이퍼04-2: Spring과 Spring Boot,2026-02-02,2026,Sprint Weekly Paper,Codeit Sprint | Codeit Sprint Weekly Paper,/categories/codeit-sprint/sprint-weekly-paper/weekly-paper004-2,기본값,false,single-editorial,true,true,기본값,false,기본값,기본값,기본값,false,false,0,2,4,10,6,false,2,2,0,0,34,0,0,0,0,,false,0,0,0,0,true,br,false,,,,excerpt/description 없음; 단순 inline HTML (br),🟢 바로 적용 후보,호환성 위험 요소 없음,GitHub Pages 배포 검증 완료 상태 유지,새 레이아웃 배포 검증 완료
_posts/sprint/sprint-weekly-paper/2026-02-09-categories-weekly-paper004-3.md,2026-02-09-categories-weekly-paper004-3.md,위클리페이퍼04-3: Spring과 Spring Boot,2026-02-09,2026,Sprint Weekly Paper,Codeit Sprint | Codeit Sprint Weekly Paper,/categories/codeit-sprint/sprint-weekly-paper/weekly-paper004-3,기본값,false,single-editorial,true,true,기본값,false,기본값,기본값,기본값,false,false,0,2,4,12,6,false,6,4,0,0,93,0,0,0,0,,false,0,0,0,0,true,br,false,,,,excerpt/description 없음; 단순 inline HTML (br),🟢 바로 적용 후보,호환성 위험 요소 없음,GitHub Pages 배포 검증 완료 상태 유지,새 레이아웃 배포 검증 완료
_posts/sprint/sprint-weekly-paper/2026-02-23-categories-weekly-paper005.md,2026-02-23-categories-weekly-paper005.md,위클리페이퍼05: RESTful APIs 구현하기,2026-02-23,2026,Sprint Weekly Paper,Codeit Sprint | Codeit Sprint Weekly Paper,/categories/codeit-sprint/sprint-weekly-paper/weekly-paper005,기본값,false,single-editorial,true,true,기본값,false,기본값,기본값,기본값,false,false,0,2,4,10,6,false,0,0,0,0,0,0,0,0,0,,false,0,0,0,0,true,br,false,,,,excerpt/description 없음; 단순 inline HTML (br),🟢 바로 적용 후보,호환성 위험 요소 없음,GitHub Pages 배포 검증 완료 상태 유지,새 레이아웃 배포 검증 완료
_posts/sprint/sprint-weekly-paper/2026-03-03-categories-weekly-paper006.md,2026-03-03-categories-weekly-paper006.md,위클리페이퍼06: 데이터베이스 설계,2026-03-02,2026,Sprint Weekly Paper,Codeit Sprint | Codeit Sprint Weekly Paper,/categories/codeit-sprint/sprint-weekly-paper/weekly-paper006,기본값,false,single-editorial,true,true,기본값,false,기본값,기본값,기본값,false,false,0,2,4,8,6,false,0,0,0,0,0,0,0,0,0,,false,0,0,0,0,true,br,false,,,,excerpt/description 없음; 단순 inline HTML (br),🟢 바로 적용 후보,호환성 위험 요소 없음,GitHub Pages 배포 검증 완료 상태 유지,새 레이아웃 배포 검증 완료
_posts/sprint/sprint-weekly-paper/2026-03-23-categories-weekly-paper007.md,2026-03-23-categories-weekly-paper007.md,위클리페이퍼07: Spring Data JPA,2026-03-23,2026,Sprint Weekly Paper,Codeit Sprint | Codeit Sprint Weekly Paper,/categories/codeit-sprint/sprint-weekly-paper/weekly-paper007,기본값,false,single-editorial,true,true,기본값,false,기본값,기본값,기본값,false,false,0,2,4,11,6,false,0,0,0,0,0,0,0,0,0,,false,0,0,0,0,true,br,false,,,,excerpt/description 없음; 단순 inline HTML (br),🟢 바로 적용 후보,호환성 위험 요소 없음,GitHub Pages 배포 검증 완료 상태 유지,새 레이아웃 배포 검증 완료
_posts/sprint/sprint-weekly-paper/2026-04-06-categories-weekly-paper008.md,2026-04-06-categories-weekly-paper008.md,위클리페이퍼08: 테스트 주도 개발론(TDD)과 서비스 안정성,2026-04-05,2026,Sprint Weekly Paper,Codeit Sprint | Codeit Sprint Weekly Paper,/categories/codeit-sprint/sprint-weekly-paper/weekly-paper008,기본값,false,single-editorial,true,true,기본값,false,기본값,기본값,기본값,false,false,0,2,2,6,4,false,0,0,0,0,0,0,0,0,0,,false,0,0,0,0,false,,false,,,,excerpt/description 없음,🟢 바로 적용 후보,호환성 위험 요소 없음,GitHub Pages 배포 검증 완료 상태 유지,새 레이아웃 배포 검증 완료
_posts/sprint/sprint-weekly-paper/2026-04-13-categories-weekly-paper009-1.md,2026-04-13-categories-weekly-paper009-1.md,위클리페이퍼09-1: 클라우드 환경에 프로그램 배포하기,2026-04-11,2026,Sprint Weekly Paper,Codeit Sprint | Codeit Sprint Weekly Paper,/categories/codeit-sprint/sprint-weekly-paper/weekly-paper009-1,기본값,false,single-editorial,true,true,기본값,false,기본값,기본값,기본값,false,false,0,2,2,5,4,false,0,0,0,0,0,0,0,0,0,,false,0,0,0,0,false,,false,,,,excerpt/description 없음,🟢 바로 적용 후보,호환성 위험 요소 없음,GitHub Pages 배포 검증 완료 상태 유지,새 레이아웃 배포 검증 완료
_posts/sprint/sprint-weekly-paper/2026-05-14-categories-weekly-paper009-2.md,2026-05-14-categories-weekly-paper009-2.md,위클리페이퍼09-2: 클라우드 환경에 프로그램 배포하기,2026-05-14,2026,Sprint Weekly Paper,Codeit Sprint | Codeit Sprint Weekly Paper,/categories/codeit-sprint/sprint-weekly-paper/weekly-paper009-2,기본값,false,single-editorial,true,true,기본값,false,기본값,기본값,기본값,false,false,0,2,2,5,4,false,0,0,0,0,0,0,0,0,0,,false,0,0,0,0,false,,false,,,,excerpt/description 없음,🟢 바로 적용 후보,호환성 위험 요소 없음,GitHub Pages 배포 검증 완료 상태 유지,새 레이아웃 배포 검증 완료
_posts/sprint/sprint-weekly-paper/2026-05-20-categories-weekly-paper010-1.md,2026-05-20-categories-weekly-paper010-1.md,위클리페이퍼10: Spring 보안으로 안전한 시스템 구축하기 - 1주차,2026-05-20,2026,Sprint Weekly Paper,Codeit Sprint | Codeit Sprint Weekly Paper,/categories/codeit-sprint/sprint-weekly-paper/weekly-paper010-1,기본값,false,single-editorial,true,true,기본값,false,기본값,기본값,기본값,false,false,0,2,2,5,4,false,0,0,0,0,0,0,0,0,0,,false,0,0,0,0,false,,false,,,,excerpt/description 없음,🟢 바로 적용 후보,호환성 위험 요소 없음,GitHub Pages 배포 검증 완료 상태 유지,새 레이아웃 배포 검증 완료
_posts/sprint/sprint-weekly-paper/2026-05-29-categories-weekly-paper010-2.md,2026-05-29-categories-weekly-paper010-2.md,위클리페이퍼10: Spring 보안으로 안전한 시스템 구축하기 - 2주차,2026-05-29,2026,Sprint Weekly Paper,Codeit Sprint | Codeit Sprint Weekly Paper,/categories/codeit-sprint/sprint-weekly-paper/weekly-paper010-2,기본값,false,single-editorial,true,true,기본값,false,기본값,기본값,기본값,false,false,0,2,2,7,4,false,0,0,0,0,0,0,0,0,0,,false,0,0,0,0,false,,false,,,,excerpt/description 없음,🟢 바로 적용 후보,호환성 위험 요소 없음,GitHub Pages 배포 검증 완료 상태 유지,새 레이아웃 배포 검증 완료
_posts/sprint/sprint-weekly-paper/2026-06-06-categories-weekly-paper011-1.md,2026-06-06-categories-weekly-paper011-1.md,위클리 페이퍼11: 대용량 트래픽 관리 - 1주차,2026-06-06,2026,Sprint Weekly Paper,Codeit Sprint | Codeit Sprint Weekly Paper,/categories/codeit-sprint/sprint-weekly-paper/weekly-paper011-1,기본값,false,single-editorial,true,true,기본값,false,기본값,기본값,기본값,false,false,0,2,2,2,4,false,0,0,0,0,0,0,0,0,0,,false,0,0,0,0,false,,false,,,,excerpt/description 없음,🟢 바로 적용 후보,호환성 위험 요소 없음,GitHub Pages 배포 검증 완료 상태 유지,새 레이아웃 배포 검증 완료
_posts/sprint/sprint-weekly-paper/2026-06-11-categories-weekly-paper011-2.md,2026-06-11-categories-weekly-paper011-2.md,위클리 페이퍼11: 대용량 트래픽 관리 - 2주차,2026-06-11,2026,Sprint Weekly Paper,Codeit Sprint | Codeit Sprint Weekly Paper,/categories/codeit-sprint/sprint-weekly-paper/weekly-paper011-2,기본값,false,single-editorial,true,true,기본값,false,기본값,기본값,기본값,false,false,0,2,2,6,4,false,0,0,0,0,0,0,0,0,0,,false,0,0,0,0,false,,false,,,,excerpt/description 없음,🟢 바로 적용 후보,호환성 위험 요소 없음,GitHub Pages 배포 검증 완료 상태 유지,새 레이아웃 배포 검증 완료
_posts/sprint/sprint-weekly-paper/2026-06-19-categories-weekly-paper012.md,2026-06-19-categories-weekly-paper012.md,위클리 페이퍼12: 백엔드 네트워크 구조의 이해,2026-06-19,2026,Sprint Weekly Paper,Codeit Sprint | Codeit Sprint Weekly Paper,/categories/codeit-sprint/sprint-weekly-paper/weekly-paper012,기본값,false,single-editorial,true,true,기본값,false,기본값,기본값,기본값,true,false,0,2,2,5,4,false,0,0,0,0,0,0,0,0,0,,false,0,0,0,0,false,,false,,,,없음,🟢 바로 적용 후보,호환성 위험 요소 없음,이미 배포 검증한 기준선 글로 유지,기준선 배포 검증 완료
